,Age,SibSp,Parch,Fare,Pclass_1,Pclass_2,Pclass_3,Sex_female,Sex_male,Embarked_C,Embarked_N,Embarked_Q,Embarked_S,Survived
0,0.2711736617240512,0.125,0.0,0.014151057562208049,False,False,True,False,True,False,False,False,True,0
1,0.4722292033174164,0.125,0.0,0.13913573538264068,True,False,False,True,False,True,False,False,False,1
2,0.32143754712239253,0.0,0.0,0.015468569817999833,False,False,True,True,False,False,False,False,True,1
3,0.4345312892686604,0.125,0.0,0.10364429745562033,True,False,False,True,False,False,False,False,True,1
4,0.4345312892686604,0.0,0.0,0.015712553569072387,False,False,True,False,True,False,False,False,True,0
5,0.36792055349407915,0.0,0.0,0.01650950209357577,False,False,True,False,True,False,False,True,False,0
6,0.6732847449107816,0.0,0.0,0.10122885832000206,True,False,False,False,True,False,False,False,True,0
7,0.01985423473234481,0.375,0.16666666666666666,0.04113566043083236,False,False,True,False,True,False,False,False,True,0
8,0.33400351847197784,0.0,0.3333333333333333,0.021730754366528396,False,False,True,True,False,False,False,False,True,1
9,0.17064589092736868,0.125,0.0,0.058694292654020104,False,True,False,True,False,True,False,False,False,1
10,0.04498617743151546,0.125,0.16666666666666666,0.03259622914329302,False,False,True,True,False,False,False,False,True,1
11,0.723548630309123,0.0,0.0,0.051822148727810165,True,False,False,True,False,False,False,False,True,1
12,0.24604171902488062,0.0,0.0,0.015712553569072387,False,False,True,False,True,False,False,False,True,0
13,0.4847951746670017,0.125,0.8333333333333333,0.06104473451835265,False,False,True,False,True,False,False,False,True,0
14,0.17064589092736868,0.0,0.0,0.015330377421392339,False,False,True,True,False,False,False,False,True,0
15,0.685850716260367,0.0,0.0,0.03122992013728673,False,True,False,True,False,False,False,False,True,1
16,0.01985423473234481,0.5,0.16666666666666666,0.05684821399990475,False,False,True,False,True,False,False,True,False,0
17,0.36792055349407915,0.0,0.0,0.025374310111545468,False,True,False,False,True,False,False,False,True,1
18,0.38426740387031916,0.125,0.0,0.03513366015444757,False,False,True,True,False,False,False,False,True,0
19,0.36792055349407915,0.0,0.0,0.014102260811993537,False,False,True,True,False,True,False,False,False,1
20,0.4345312892686604,0.0,0.0,0.050748620223090936,False,True,False,False,True,False,False,False,True,0
21,0.4219653179190751,0.0,0.0,0.025374310111545468,False,True,False,False,True,False,False,False,True,1
22,0.18321186227695402,0.0,0.0,0.015671954672893913,False,False,True,True,False,False,False,True,False,1
23,0.34656948982156316,0.0,0.0,0.06929138530460494,True,False,False,False,True,False,False,False,True,1
24,0.09525006282985675,0.375,0.16666666666666666,0.04113566043083236,False,False,True,True,False,False,False,False,True,0
25,0.4722292033174164,0.125,0.8333333333333333,0.06126431989431795,False,False,True,True,False,False,False,False,True,1
26,0.36792055349407915,0.0,0.0,0.014102260811993537,False,False,True,False,True,True,False,False,False,0
27,0.2334757476752953,0.375,0.3333333333333333,0.5133418122566507,True,False,False,False,True,False,False,False,True,0
28,0.36792055349407915,0.0,0.0,0.01537917417160685,False,False,True,True,False,False,False,True,False,1
29,0.36792055349407915,0.0,0.0,0.015411575213749286,False,False,True,False,True,False,False,False,True,0
30,0.49736114601658704,0.0,0.0,0.05410739813385612,True,False,False,False,True,True,False,False,False,0
31,0.36792055349407915,0.125,0.0,0.2859895551532101,True,False,False,True,False,True,False,False,False,1
32,0.36792055349407915,0.0,0.0,0.015126992566498259,False,False,True,True,False,False,False,True,False,1
33,0.8240764011058055,0.0,0.0,0.020494635090094415,False,True,False,False,True,False,False,False,True,0
34,0.34656948982156316,0.125,0.0,0.16038672010106003,True,False,False,False,True,True,False,False,False,0
35,0.5224930887157577,0.125,0.0,0.10149724044618187,True,False,False,False,True,False,False,False,True,0
36,0.36792055349407915,0.0,0.0,0.014110458666029575,False,False,True,False,True,True,False,False,False,1
37,0.2586076903744659,0.0,0.0,0.015712553569072387,False,False,True,False,True,False,False,False,True,0
38,0.22090977632571,0.25,0.0,0.03513366015444757,False,False,True,True,False,False,False,False,True,0
39,0.17064589092736868,0.125,0.0,0.021942337075458514,False,False,True,True,False,True,False,False,False,1
40,0.49736114601658704,0.125,0.0,0.018493968331299484,False,False,True,True,False,False,False,False,True,0
41,0.33400351847197784,0.125,0.0,0.04098927018018883,False,True,False,True,False,False,False,False,True,0
42,0.36792055349407915,0.0,0.0,0.015411575213749286,False,False,True,False,True,True,False,False,False,0
43,0.032420206081930136,0.125,0.3333333333333333,0.08115719346076702,False,True,False,True,False,True,False,False,False,1
44,0.2334757476752953,0.0,0.0,0.01537917417160685,False,False,True,True,False,False,False,True,False,1
45,0.36792055349407915,0.0,0.0,0.015712553569072387,False,False,True,False,True,False,False,False,True,0
46,0.36792055349407915,0.125,0.0,0.030253985132996517,False,False,True,False,True,False,False,True,False,0
47,0.36792055349407915,0.0,0.0,0.015126992566498259,False,False,True,True,False,False,False,True,False,1
48,0.36792055349407915,0.25,0.0,0.04231498029001666,False,False,True,False,True,True,False,False,False,0
49,0.22090977632571,0.125,0.0,0.034743286152731485,False,False,True,True,False,False,False,False,True,0
50,0.08268409148027142,0.5,0.16666666666666666,0.07746484096553544,False,False,True,False,True,False,False,False,True,0
51,0.2586076903744659,0.0,0.0,0.01522458606692728,False,False,True,False,True,False,False,False,True,0
52,0.610454888162855,0.125,0.0,0.1497654242623688,True,False,False,True,False,True,False,False,False,1
53,0.35913546117114853,0.125,0.0,0.050748620223090936,False,True,False,True,False,False,False,False,True,1
54,0.8115104297562202,0.0,0.16666666666666666,0.1209753416358076,True,False,False,False,True,True,False,False,False,0
55,0.36792055349407915,0.0,0.0,0.06929138530460494,True,False,False,False,True,False,False,False,True,1
56,0.2586076903744659,0.0,0.0,0.020494635090094415,False,True,False,True,False,False,False,False,True,1
57,0.35285247549635584,0.0,0.0,0.014110458666029575,False,False,True,False,True,True,False,False,False,0
58,0.05755214878110078,0.125,0.3333333333333333,0.05416439273810667,False,True,False,True,False,False,False,False,True,1
59,0.1329479768786127,0.625,0.3333333333333333,0.09154270340242172,False,False,True,False,True,False,False,False,True,0
60,0.2711736617240512,0.0,0.0,0.014110458666029575,False,False,True,False,True,True,False,False,False,0
61,0.4722292033174164,0.0,0.0,0.15614960068643363,True,False,False,True,False,False,True,False,False,1
62,0.5601910027645137,0.125,0.0,0.16293234896625058,True,False,False,False,True,False,False,False,True,0
63,0.04498617743151546,0.375,0.3333333333333333,0.05445717323939373,False,False,True,False,True,False,False,False,True,0
64,0.36792055349407915,0.0,0.0,0.05410739813385612,True,False,False,False,True,True,False,False,False,0
65,0.36792055349407915,0.125,0.16666666666666666,0.029757819776815374,False,False,True,False,True,True,False,False,False,1
66,0.35913546117114853,0.0,0.0,0.020494635090094415,False,True,False,True,False,False,False,False,True,1
67,0.2334757476752953,0.0,0.0,0.015923941091001644,False,False,True,False,True,False,False,False,True,0
68,0.20834380497612465,0.5,0.3333333333333333,0.015468569817999833,False,False,True,True,False,False,False,False,True,1
69,0.32143754712239253,0.25,0.0,0.016908073949327893,False,False,True,False,True,False,False,False,True,0
70,0.39683337521990447,0.0,0.0,0.020494635090094415,False,True,False,False,True,False,False,False,True,0
71,0.19577783362653933,0.625,0.3333333333333333,0.09154270340242172,False,False,True,True,False,False,False,False,True,0
72,0.2586076903744659,0.0,0.0,0.1434624456306609,False,True,False,False,True,False,False,False,True,0
73,0.32143754712239253,0.125,0.0,0.028212719478023115,False,False,True,False,True,True,False,False,False,0
74,0.39683337521990447,0.0,0.0,0.11027245763075773,False,False,True,False,True,False,False,False,True,1
75,0.3088715757728072,0.0,0.0,0.014931805565640218,False,False,True,False,True,False,False,False,True,0
76,0.36792055349407915,0.0,0.0,0.015411575213749286,False,False,True,False,True,False,False,False,True,0
77,0.36792055349407915,0.0,0.0,0.015712553569072387,False,False,True,False,True,False,False,False,True,0
78,0.005152048253329982,0.0,0.3333333333333333,0.056604230248832196,False,True,False,False,True,False,False,False,True,1
79,0.37170143252073384,0.0,0.0,0.024349578357040744,False,False,True,True,False,False,False,False,True,1
80,0.2711736617240512,0.0,0.0,0.017566830077223785,False,False,True,False,True,False,False,False,True,0
81,0.35913546117114853,0.0,0.0,0.018542765081513996,False,False,True,False,True,False,False,False,True,1
82,0.36792055349407915,0.0,0.0,0.015200187691820024,False,False,True,True,False,False,False,True,False,1
83,0.34656948982156316,0.0,0.0,0.09193307740413781,True,False,False,False,True,False,False,False,True,0
84,0.20834380497612465,0.0,0.0,0.020494635090094415,False,True,False,True,False,False,False,False,True,1
85,0.4093993465694898,0.375,0.0,0.030937139635999665,False,False,True,True,False,False,False,False,True,1
86,0.19577783362653933,0.125,0.5,0.06709553154495196,False,False,True,False,True,False,False,False,True,0
87,0.36792055349407915,0.0,0.0,0.015712553569072387,False,False,True,False,True,False,False,False,True,0
88,0.2837396330736366,0.375,0.3333333333333333,0.5133418122566507,True,False,False,True,False,False,False,False,True,1
89,0.2963056044232219,0.0,0.0,0.015712553569072387,False,False,True,False,True,False,False,False,True,0
90,0.35913546117114853,0.0,0.0,0.015712553569072387,False,False,True,False,True,False,False,False,True,0
91,0.24604171902488062,0.0,0.0,0.015330377421392339,False,False,True,False,True,False,False,False,True,0
92,0.5727569741140991,0.125,0.0,0.11940564777490723,True,False,False,False,True,False,False,False,True,0
93,0.32143754712239253,0.125,0.3333333333333333,0.04015972542654215,False,False,True,False,True,False,False,False,True,0
94,0.7361146016587082,0.0,0.0,0.014151057562208049,False,False,True,False,True,False,False,False,True,0
95,0.36792055349407915,0.0,0.0,0.015712553569072387,False,False,True,False,True,False,False,False,True,0
96,0.8869062578537321,0.0,0.0,0.06764049365134761,True,False,False,False,True,True,False,False,False,0
97,0.2837396330736366,0.0,0.16666666666666666,0.12366716556464086,True,False,False,False,True,True,False,False,False,1
98,0.4219653179190751,0.0,0.16666666666666666,0.044893010197349675,False,True,False,True,False,False,False,False,True,1
99,0.4219653179190751,0.125,0.0,0.050748620223090936,False,True,False,False,True,False,False,False,True,0
100,0.34656948982156316,0.0,0.0,0.015411575213749286,False,False,True,True,False,False,False,False,True,0
101,0.36792055349407915,0.0,0.0,0.015411575213749286,False,False,True,False,True,False,False,False,True,0
102,0.2586076903744659,0.0,0.16666666666666666,0.15085515328815924,True,False,False,False,True,False,False,False,True,0
103,0.4093993465694898,0.0,0.0,0.016891873428256675,False,False,True,False,True,False,False,False,True,0
104,0.4596632319678311,0.25,0.0,0.015468569817999833,False,False,True,False,True,False,False,False,True,0
105,0.34656948982156316,0.0,0.0,0.015411575213749286,False,False,True,False,True,False,False,False,True,0
106,0.2586076903744659,0.0,0.0,0.014931805565640218,False,False,True,True,False,False,False,False,True,1
107,0.36792055349407915,0.0,0.0,0.015175789316712771,False,False,True,False,True,False,False,False,True,1
108,0.4722292033174164,0.0,0.0,0.015411575213749286,False,False,True,False,True,False,False,False,True,0
109,0.36792055349407915,0.125,0.0,0.04713766070721715,False,False,True,True,False,False,False,True,False,1
110,0.5853229454636844,0.0,0.0,0.10149724044618187,True,False,False,False,True,False,False,False,True,0
111,0.17692887660216136,0.125,0.0,0.028212719478023115,False,False,True,True,False,True,False,False,False,0
112,0.2711736617240512,0.0,0.0,0.015712553569072387,False,False,True,False,True,False,False,False,True,0
113,0.24604171902488062,0.125,0.0,0.019177122834302632,False,False,True,True,False,False,False,False,True,0
114,0.20834380497612465,0.0,0.0,0.028220722145058292,False,False,True,True,False,True,False,False,False,0
115,0.2586076903744659,0.0,0.0,0.015468569817999833,False,False,True,False,True,False,False,False,True,0
116,0.8806232721789394,0.0,0.0,0.015126992566498259,False,False,True,False,True,False,False,True,False,0
117,0.35913546117114853,0.125,0.0,0.04098927018018883,False,True,False,False,True,False,False,False,True,0
118,0.2963056044232219,0.0,0.16666666666666666,0.4831284260198326,True,False,False,False,True,True,False,False,False,0
119,0.01985423473234481,0.5,0.3333333333333333,0.06104473451835265,False,False,True,True,False,False,False,False,True,0
120,0.2586076903744659,0.25,0.0,0.1434624456306609,False,True,False,False,True,False,False,False,True,0
121,0.36792055349407915,0.0,0.0,0.015712553569072387,False,False,True,False,True,False,False,False,True,0
122,0.40311636089469716,0.125,0.0,0.058694292654020104,False,True,False,False,True,True,False,False,False,0
123,0.40311636089469716,0.0,0.0,0.025374310111545468,False,True,False,True,False,False,False,False,True,1
124,0.6732847449107816,0.0,0.16666666666666666,0.15085515328815924,True,False,False,False,True,False,False,False,True,0
125,0.14551394822819805,0.125,0.0,0.021942337075458514,False,False,True,False,True,True,False,False,False,1
126,0.36792055349407915,0.0,0.0,0.015126992566498259,False,False,True,False,True,False,False,True,False,0
127,0.2963056044232219,0.0,0.0,0.01393967004027879,False,False,True,False,True,False,False,False,True,1
128,0.36792055349407915,0.125,0.16666666666666666,0.04364049521284362,False,False,True,True,False,True,False,False,False,1
129,0.5601910027645137,0.0,0.0,0.013614293309848433,False,False,True,False,True,False,False,False,True,0
130,0.4093993465694898,0.0,0.0,0.015411575213749286,False,False,True,False,True,True,False,False,False,0
131,0.24604171902488062,0.0,0.0,0.013760683560491965,False,False,True,False,True,False,False,False,True,0
132,0.5853229454636844,0.125,0.0,0.028302115124416098,False,False,True,True,False,False,False,False,True,0
133,0.35913546117114853,0.125,0.0,0.050748620223090936,False,True,False,True,False,False,False,False,True,1
134,0.3088715757728072,0.0,0.0,0.025374310111545468,False,True,False,False,True,False,False,False,True,0
135,0.2837396330736366,0.0,0.0,0.02936744577509929,False,True,False,False,True,True,False,False,False,0
136,0.2334757476752953,0.0,0.3333333333333333,0.051301584996521765,True,False,False,True,False,False,False,False,True,1
137,0.4596632319678311,0.125,0.0,0.10364429745562033,True,False,False,False,True,False,False,False,True,0
138,0.19577783362653933,0.0,0.0,0.01798980030808316,False,False,True,False,True,False,False,False,True,0
139,0.2963056044232219,0.0,0.0,0.15458810467956932,True,False,False,False,True,True,False,False,False,0
140,0.36792055349407915,0.0,0.3333333333333333,0.029757819776815374,False,False,True,True,False,True,False,False,False,0
141,0.2711736617240512,0.0,0.0,0.015126992566498259,False,False,True,True,False,False,False,False,True,1
142,0.2963056044232219,0.125,0.0,0.030937139635999665,False,False,True,True,False,False,False,False,True,1
143,0.2334757476752953,0.0,0.0,0.013175122557917838,False,False,True,False,True,False,False,True,False,0
144,0.22090977632571,0.0,0.0,0.022446505098674838,False,True,False,False,True,False,False,False,True,0
145,0.2334757476752953,0.125,0.16666666666666666,0.07173122281533045,False,True,False,False,True,False,False,False,True,0
146,0.33400351847197784,0.0,0.0,0.015216388212891242,False,False,True,False,True,False,False,False,True,1
147,0.10781603417944208,0.25,0.3333333333333333,0.06709553154495196,False,False,True,True,False,False,False,False,True,0
148,0.4533802462930384,0.0,0.3333333333333333,0.050748620223090936,False,True,False,False,True,False,False,False,True,0
149,0.5224930887157577,0.0,0.0,0.025374310111545468,False,True,False,False,True,False,False,False,True,0
150,0.6355868308620256,0.0,0.0,0.02444717185746977,False,True,False,False,True,False,False,False,True,0
151,0.2711736617240512,0.125,0.0,0.12999454257145598,True,False,False,True,False,False,False,False,True,1
152,0.6921337019351597,0.0,0.0,0.015712553569072387,False,False,True,False,True,False,False,False,True,0
153,0.5036441316913798,0.0,0.3333333333333333,0.028302115124416098,False,False,True,False,True,False,False,False,True,0
154,0.36792055349407915,0.0,0.0,0.014273049437744325,False,False,True,False,True,False,False,False,True,0
155,0.6355868308620256,0.0,0.16666666666666666,0.11980421963065935,True,False,False,False,True,True,False,False,False,0
156,0.19577783362653933,0.0,0.0,0.015094396337354966,False,False,True,True,False,False,False,True,False,1
157,0.37170143252073384,0.0,0.0,0.015712553569072387,False,False,True,False,True,False,False,False,True,0
158,0.36792055349407915,0.0,0.0,0.016908073949327893,False,False,True,False,True,False,False,False,True,0
159,0.36792055349407915,1.0,0.3333333333333333,0.13575255909676825,False,False,True,False,True,False,False,False,True,0
160,0.5476250314149284,0.0,0.16666666666666666,0.031425107138144774,False,False,True,False,True,False,False,False,True,0
161,0.49736114601658704,0.0,0.0,0.030741952635141623,False,True,False,True,False,False,False,False,True,1
162,0.32143754712239253,0.0,0.0,0.015175789316712771,False,False,True,False,True,False,False,False,True,0
163,0.20834380497612465,0.0,0.0,0.016908073949327893,False,False,True,False,True,False,False,False,True,0
164,0.007288263382759488,0.5,0.16666666666666666,0.07746484096553544,False,False,True,False,True,False,False,False,True,0
165,0.10781603417944208,0.0,0.3333333333333333,0.04006213192611313,False,False,True,False,True,False,False,False,True,1
166,0.36792055349407915,0.0,0.16666666666666666,0.10735285047192313,True,False,False,True,False,False,False,False,True,1
167,0.5601910027645137,0.125,0.6666666666666666,0.05445717323939373,False,False,True,True,False,False,False,False,True,0
168,0.36792055349407915,0.0,0.0,0.050602229972447406,True,False,False,False,True,False,False,False,True,0
169,0.34656948982156316,0.0,0.0,0.11027245763075773,False,False,True,False,True,False,False,False,True,0
170,0.7612465443578789,0.0,0.0,0.06538764528744409,True,False,False,False,True,False,False,False,True,0
171,0.04498617743151546,0.5,0.16666666666666666,0.05684821399990475,False,False,True,False,True,False,False,True,False,0
172,0.007288263382759488,0.125,0.16666666666666666,0.021730754366528396,False,False,True,True,False,False,False,False,True,1
173,0.2586076903744659,0.0,0.0,0.015468569817999833,False,False,True,False,True,False,False,False,True,0
174,0.6984166876099522,0.0,0.0,0.05991421140938287,True,False,False,False,True,True,False,False,False,0
175,0.22090977632571,0.125,0.16666666666666666,0.015330377421392339,False,False,True,False,True,False,False,False,True,0
176,0.36792055349407915,0.375,0.16666666666666666,0.049707687947515,False,False,True,False,True,False,False,False,True,0
177,0.6230208595124404,0.0,0.0,0.05604306762136532,True,False,False,True,False,True,False,False,False,0
178,0.37170143252073384,0.0,0.0,0.025374310111545468,False,True,False,False,True,False,False,False,True,0
179,0.4470972606182458,0.0,0.0,0.0,False,False,True,False,True,False,False,False,True,0
180,0.36792055349407915,1.0,0.3333333333333333,0.13575255909676825,False,False,True,True,False,False,False,False,True,0
181,0.36792055349407915,0.0,0.0,0.02937564362913533,False,True,False,False,True,True,False,False,False,0
182,0.10781603417944208,0.5,0.3333333333333333,0.06126431989431795,False,False,True,False,True,False,False,False,True,0
183,0.007288263382759488,0.25,0.16666666666666666,0.07612293033463641,False,True,False,False,True,False,False,False,True,1
184,0.04498617743151546,0.0,0.3333333333333333,0.04298993693898376,False,False,True,True,False,False,False,False,True,1
185,0.36792055349407915,0.0,0.0,0.09759350042902103,True,False,False,False,True,False,False,False,True,0
186,0.36792055349407915,0.125,0.0,0.030253985132996517,False,False,True,True,False,False,False,True,False,1
187,0.5601910027645137,0.0,0.0,0.051822148727810165,True,False,False,False,True,False,False,False,True,1
188,0.49736114601658704,0.125,0.16666666666666666,0.030253985132996517,False,False,True,False,True,False,False,True,False,0
189,0.4470972606182458,0.0,0.0,0.015411575213749286,False,False,True,False,True,False,False,False,True,0
190,0.39683337521990447,0.0,0.0,0.025374310111545468,False,True,False,True,False,False,False,False,True,1
191,0.2334757476752953,0.0,0.0,0.025374310111545468,False,True,False,False,True,False,False,False,True,0
192,0.2334757476752953,0.125,0.0,0.015330377421392339,False,False,True,True,False,False,False,False,True,1
193,0.032420206081930136,0.125,0.16666666666666666,0.050748620223090936,False,True,False,False,True,False,False,False,True,1
194,0.5476250314149284,0.0,0.0,0.05410739813385612,True,False,False,True,False,True,False,False,False,1
195,0.723548630309123,0.0,0.0,0.2859895551532101,True,False,False,True,False,True,False,False,False,1
196,0.36792055349407915,0.0,0.0,0.015126992566498259,False,False,True,False,True,False,False,True,False,0
197,0.5224930887157577,0.0,0.16666666666666666,0.01640390592611157,False,False,True,False,True,False,False,False,True,0
198,0.36792055349407915,0.0,0.0,0.015126992566498259,False,False,True,True,False,False,False,True,False,1
199,0.2963056044232219,0.0,0.0,0.025374310111545468,False,True,False,True,False,False,False,False,True,0
200,0.34656948982156316,0.0,0.0,0.018542765081513996,False,False,True,False,True,False,False,False,True,0
201,0.36792055349407915,1.0,0.3333333333333333,0.13575255909676825,False,False,True,False,True,False,False,False,True,0
202,0.4219653179190751,0.0,0.0,0.012678957201736696,False,False,True,False,True,False,False,False,True,0
203,0.5664739884393064,0.0,0.0,0.014102260811993537,False,False,True,False,True,True,False,False,False,0
204,0.22090977632571,0.0,0.0,0.015712553569072387,False,False,True,False,True,False,False,False,True,1
205,0.01985423473234481,0.0,0.16666666666666666,0.02042143996477265,False,False,True,True,False,False,False,False,True,0
206,0.39683337521990447,0.125,0.0,0.030937139635999665,False,False,True,False,True,False,False,False,True,0
207,0.32143754712239253,0.0,0.0,0.036670757786204655,False,False,True,False,True,True,False,False,False,1
208,0.19577783362653933,0.0,0.0,0.015126992566498259,False,False,True,True,False,False,False,True,False,1
209,0.49736114601658704,0.0,0.0,0.060507970265993034,True,False,False,False,True,True,False,False,False,1
210,0.2963056044232219,0.0,0.0,0.013760683560491965,False,False,True,False,True,False,False,False,True,0
211,0.4345312892686604,0.0,0.0,0.04098927018018883,False,True,False,True,False,False,False,False,True,1
212,0.2711736617240512,0.0,0.0,0.014151057562208049,False,False,True,False,True,False,False,False,True,0
213,0.37170143252073384,0.0,0.0,0.025374310111545468,False,True,False,False,True,False,False,False,True,0
214,0.36792055349407915,0.125,0.0,0.015126992566498259,False,False,True,False,True,False,False,True,False,0
215,0.38426740387031916,0.125,0.0,0.22109807522194713,True,False,False,True,False,True,False,False,False,1
216,0.33400351847197784,0.0,0.0,0.015468569817999833,False,False,True,True,False,False,False,False,True,1
217,0.5224930887157577,0.125,0.0,0.05270049023167135,False,True,False,False,True,False,False,False,True,0
218,0.39683337521990447,0.0,0.0,0.14891148113361488,True,False,False,True,False,True,False,False,False,1
219,0.37170143252073384,0.0,0.0,0.020494635090094415,False,True,False,False,True,False,False,False,True,0
220,0.19577783362653933,0.0,0.0,0.015712553569072387,False,False,True,False,True,False,False,False,True,1
221,0.33400351847197784,0.0,0.0,0.025374310111545468,False,True,False,False,True,False,False,False,True,0
222,0.6355868308620256,0.0,0.0,0.015712553569072387,False,False,True,False,True,False,False,False,True,0
223,0.36792055349407915,0.0,0.0,0.015411575213749286,False,False,True,False,True,False,False,False,True,0
224,0.4722292033174164,0.125,0.0,0.17566830077223786,True,False,False,False,True,False,False,False,True,1
225,0.2711736617240512,0.0,0.0,0.018249984580226933,False,False,True,False,True,False,False,False,True,0
226,0.2334757476752953,0.0,0.0,0.020494635090094415,False,True,False,False,True,False,False,False,True,1
227,0.2523247046996733,0.0,0.0,0.014151057562208049,False,False,True,False,True,False,False,False,True,0
228,0.22090977632571,0.0,0.0,0.025374310111545468,False,True,False,False,True,False,False,False,True,0
229,0.36792055349407915,0.375,0.16666666666666666,0.049707687947515,False,False,True,True,False,False,False,False,True,0
230,0.4345312892686604,0.125,0.0,0.16293234896625058,True,False,False,True,False,False,False,False,True,1
231,0.35913546117114853,0.0,0.0,0.015175789316712771,False,False,True,False,True,False,False,False,True,0
232,0.7361146016587082,0.0,0.0,0.026350245115835676,False,True,False,False,True,False,False,False,True,0
233,0.05755214878110078,0.5,0.3333333333333333,0.06126431989431795,False,False,True,True,False,False,False,False,True,1
234,0.2963056044232219,0.0,0.0,0.020494635090094415,False,True,False,False,True,False,False,False,True,0
235,0.36792055349407915,0.0,0.0,0.014736618564782174,False,False,True,True,False,False,False,False,True,0
236,0.5476250314149284,0.125,0.0,0.050748620223090936,False,True,False,False,True,False,False,False,True,0
237,0.09525006282985675,0.0,0.3333333333333333,0.05123658772523604,False,True,False,True,False,False,False,False,True,1
238,0.2334757476752953,0.0,0.0,0.020494635090094415,False,True,False,False,True,False,False,False,True,0
239,0.4093993465694898,0.0,0.0,0.023959204355324663,False,True,False,False,True,False,False,False,True,0
240,0.36792055349407915,0.125,0.0,0.028212719478023115,False,False,True,True,False,True,False,False,False,0
241,0.36792055349407915,0.125,0.0,0.030253985132996517,False,False,True,True,False,False,False,True,False,1
242,0.35913546117114853,0.0,0.0,0.020494635090094415,False,True,False,False,True,False,False,False,True,0
243,0.2711736617240512,0.0,0.0,0.013907073811135496,False,False,True,False,True,False,False,False,True,0
244,0.37170143252073384,0.0,0.0,0.014102260811993537,False,False,True,False,True,True,False,False,False,0
245,0.5476250314149284,0.25,0.0,0.17566830077223786,True,False,False,False,True,False,False,True,False,0
246,0.3088715757728072,0.0,0.0,0.015175789316712771,False,False,True,True,False,False,False,False,True,0
247,0.2963056044232219,0.0,0.3333333333333333,0.028302115124416098,False,True,False,True,False,False,False,False,True,1
248,0.4596632319678311,0.125,0.16666666666666666,0.10257896680493714,True,False,False,False,True,False,False,False,True,1
249,0.6732847449107816,0.125,0.0,0.050748620223090936,False,True,False,False,True,False,False,False,True,0
250,0.36792055349407915,0.0,0.0,0.014151057562208049,False,False,True,False,True,False,False,False,True,0
251,0.35913546117114853,0.125,0.16666666666666666,0.02042143996477265,False,False,True,True,False,False,False,False,True,0
252,0.7738125157074642,0.0,0.0,0.051822148727810165,True,False,False,False,True,False,False,False,True,0
253,0.37170143252073384,0.125,0.0,0.031425107138144774,False,False,True,False,True,False,False,False,True,0
254,0.5099271173661725,0.0,0.3333333333333333,0.039452172548431745,False,False,True,True,False,False,False,False,True,0
255,0.35913546117114853,0.0,0.3333333333333333,0.029757819776815374,False,False,True,True,False,True,False,False,False,1
256,0.36792055349407915,0.0,0.0,0.15458810467956932,True,False,False,True,False,True,False,False,False,1
257,0.37170143252073384,0.0,0.0,0.16883675574220638,True,False,False,True,False,False,False,False,True,1
258,0.4345312892686604,0.0,0.0,1.0,True,False,False,True,False,True,False,False,False,1
259,0.6230208595124404,0.0,0.16666666666666666,0.050748620223090936,False,True,False,True,False,False,False,False,True,1
260,0.36792055349407915,0.0,0.0,0.015126992566498259,False,False,True,False,True,False,False,True,False,0
261,0.032420206081930136,0.5,0.3333333333333333,0.06126431989431795,False,False,True,False,True,False,False,False,True,1
262,0.648152802211611,0.125,0.16666666666666666,0.1554664461834305,True,False,False,False,True,False,False,False,True,0
263,0.49736114601658704,0.0,0.0,0.0,True,False,False,False,True,False,False,False,True,0
264,0.36792055349407915,0.0,0.0,0.015126992566498259,False,False,True,True,False,False,False,True,False,0
265,0.4470972606182458,0.0,0.0,0.020494635090094415,False,True,False,False,True,False,False,False,True,0
266,0.19577783362653933,0.5,0.16666666666666666,0.07746484096553544,False,False,True,False,True,False,False,False,True,0
267,0.3088715757728072,0.125,0.0,0.015175789316712771,False,False,True,False,True,False,False,False,True,1
268,0.723548630309123,0.0,0.16666666666666666,0.2995388511917728,True,False,False,True,False,False,False,False,True,1
269,0.4345312892686604,0.0,0.0,0.2647385704347907,True,False,False,True,False,False,False,False,True,1
270,0.36792055349407915,0.0,0.0,0.060507970265993034,True,False,False,False,True,False,False,False,True,0
271,0.3088715757728072,0.0,0.0,0.0,False,False,True,False,True,False,False,False,True,1
272,0.5099271173661725,0.0,0.16666666666666666,0.038061465167318204,False,True,False,True,False,False,False,False,True,1
273,0.4596632319678311,0.0,0.16666666666666666,0.057970539254838485,True,False,False,False,True,True,False,False,False,0
274,0.36792055349407915,0.0,0.0,0.015126992566498259,False,False,True,True,False,False,False,True,False,1
275,0.7863784870570495,0.125,0.0,0.15216446768991498,True,False,False,True,False,False,False,False,True,1
276,0.5601910027645137,0.0,0.0,0.015126992566498259,False,False,True,True,False,False,False,False,True,0
277,0.36792055349407915,0.0,0.0,0.0,False,True,False,False,True,False,False,False,True,0
278,0.08268409148027142,0.5,0.16666666666666666,0.05684821399990475,False,False,True,False,True,False,False,True,False,0
279,0.4345312892686604,0.125,0.16666666666666666,0.03952536767375352,False,False,True,True,False,False,False,False,True,1
280,0.8115104297562202,0.0,0.0,0.015126992566498259,False,False,True,False,True,False,False,True,False,0
281,0.34656948982156316,0.0,0.0,0.015330377421392339,False,False,True,False,True,False,False,False,True,0
282,0.19577783362653933,0.0,0.0,0.018542765081513996,False,False,True,False,True,False,False,False,True,0
283,0.2334757476752953,0.0,0.0,0.015712553569072387,False,False,True,False,True,False,False,False,True,1
284,0.36792055349407915,0.0,0.0,0.050748620223090936,True,False,False,False,True,False,False,False,True,0
285,0.4093993465694898,0.0,0.0,0.016908073949327893,False,False,True,False,True,True,False,False,False,0
286,0.37170143252073384,0.0,0.0,0.018542765081513996,False,False,True,False,True,False,False,False,True,1
287,0.2711736617240512,0.0,0.0,0.015411575213749286,False,False,True,False,True,False,False,False,True,0
288,0.5224930887157577,0.0,0.0,0.025374310111545468,False,True,False,False,True,False,False,False,True,1
289,0.2711736617240512,0.0,0.0,0.015126992566498259,False,False,True,True,False,False,False,True,False,1
290,0.32143754712239253,0.0,0.0,0.15390495017656614,True,False,False,True,False,False,False,False,True,1
291,0.2334757476752953,0.125,0.0,0.17777475888549785,True,False,False,True,False,True,False,False,False,1
292,0.4470972606182458,0.0,0.0,0.025130326360472913,False,True,False,False,True,True,False,False,False,0
293,0.2963056044232219,0.0,0.0,0.01727404957593672,False,False,True,True,False,False,False,False,True,0
294,0.2963056044232219,0.0,0.0,0.015411575213749286,False,False,True,False,True,False,False,False,True,0
295,0.36792055349407915,0.0,0.0,0.05410739813385612,True,False,False,False,True,True,False,False,False,0
296,0.2900226187484292,0.0,0.0,0.014110458666029575,False,False,True,False,True,True,False,False,False,0
297,0.01985423473234481,0.125,0.3333333333333333,0.29580589980036276,True,False,False,True,False,False,False,False,True,0
298,0.36792055349407915,0.0,0.0,0.05953203526170282,True,False,False,False,True,False,False,False,True,1
299,0.6230208595124404,0.0,0.16666666666666666,0.4831284260198326,True,False,False,True,False,True,False,False,False,1
300,0.36792055349407915,0.0,0.0,0.015126992566498259,False,False,True,True,False,False,False,True,False,1
301,0.36792055349407915,0.25,0.0,0.04538097769949478,False,False,True,False,True,False,False,True,False,1
302,0.2334757476752953,0.0,0.0,0.0,False,False,True,False,True,False,False,False,True,0
303,0.36792055349407915,0.0,0.0,0.024105594605968193,False,True,False,True,False,False,False,True,False,1
304,0.36792055349407915,0.0,0.0,0.015712553569072387,False,False,True,False,True,False,False,False,True,0
305,0.006282985674792663,0.125,0.3333333333333333,0.29580589980036276,True,False,False,False,True,False,False,False,True,1
306,0.36792055349407915,0.0,0.0,0.21642978772242535,True,False,False,True,False,True,False,False,False,1
307,0.20834380497612465,0.125,0.0,0.2125586439344078,True,False,False,True,False,True,False,False,False,1
308,0.37170143252073384,0.125,0.0,0.04684488020593009,False,True,False,False,True,True,False,False,False,0
309,0.37170143252073384,0.0,0.0,0.11111839809247648,True,False,False,True,False,True,False,False,False,1
310,0.2963056044232219,0.0,0.0,0.16231419173453318,True,False,False,True,False,True,False,False,False,1
311,0.22090977632571,0.25,0.3333333333333333,0.5121218935012878,True,False,False,True,False,True,False,False,False,1
312,0.32143754712239253,0.125,0.16666666666666666,0.050748620223090936,False,True,False,True,False,False,False,False,True,0
313,0.34656948982156316,0.0,0.0,0.015411575213749286,False,False,True,False,True,False,False,False,True,0
314,0.5350590600653431,0.125,0.16666666666666666,0.05123658772523604,False,True,False,False,True,False,False,False,True,0
315,0.32143754712239253,0.0,0.0,0.015330377421392339,False,False,True,True,False,False,False,False,True,1
316,0.2963056044232219,0.125,0.0,0.050748620223090936,False,True,False,True,False,False,False,False,True,1
317,0.6732847449107816,0.0,0.0,0.027326180120125887,False,True,False,False,True,False,False,False,True,0
318,0.38426740387031916,0.0,0.3333333333333333,0.32179836714362564,True,False,False,True,False,False,False,False,True,1
319,0.49736114601658704,0.125,0.16666666666666666,0.2625265161540666,True,False,False,True,False,True,False,False,False,1
320,0.2711736617240512,0.0,0.0,0.014151057562208049,False,False,True,False,True,False,False,False,True,0
321,0.33400351847197784,0.0,0.0,0.015411575213749286,False,False,True,False,True,False,False,False,True,0
322,0.37170143252073384,0.0,0.0,0.024105594605968193,False,True,False,True,False,False,False,True,False,1
323,0.2711736617240512,0.125,0.16666666666666666,0.056604230248832196,False,True,False,True,False,False,False,False,True,1
324,0.36792055349407915,1.0,0.3333333333333333,0.13575255909676825,False,False,True,False,True,False,False,False,True,0
325,0.4470972606182458,0.0,0.0,0.2647385704347907,True,False,False,True,False,True,False,False,False,1
326,0.7612465443578789,0.0,0.0,0.012174789178520372,False,False,True,False,True,False,False,False,True,0
327,0.4470972606182458,0.0,0.0,0.025374310111545468,False,True,False,True,False,False,False,False,True,1
328,0.38426740387031916,0.125,0.16666666666666666,0.04006213192611313,False,False,True,True,False,False,False,False,True,1
329,0.19577783362653933,0.0,0.16666666666666666,0.11316786160148591,True,False,False,True,False,True,False,False,False,1
330,0.36792055349407915,0.25,0.0,0.04538097769949478,False,False,True,True,False,False,False,True,False,1
331,0.5664739884393064,0.0,0.0,0.055628295244541985,True,False,False,False,True,False,False,False,True,0
332,0.4722292033174164,0.0,0.16666666666666666,0.2995388511917728,True,False,False,False,True,False,False,False,True,0
333,0.19577783362653933,0.25,0.0,0.03513366015444757,False,False,True,False,True,False,False,False,True,0
334,0.36792055349407915,0.125,0.0,0.2608674266467732,True,False,False,True,False,False,False,False,True,1
335,0.36792055349407915,0.0,0.0,0.015411575213749286,False,False,True,False,True,False,False,False,True,0
336,0.35913546117114853,0.125,0.0,0.12999454257145598,True,False,False,False,True,False,False,False,True,0
337,0.5099271173661725,0.0,0.0,0.2625265161540666,True,False,False,True,False,True,False,False,False,1
338,0.5601910027645137,0.0,0.0,0.015712553569072387,False,False,True,False,True,False,False,False,True,1
339,0.5601910027645137,0.0,0.0,0.06929138530460494,True,False,False,False,True,False,False,False,True,0
340,0.01985423473234481,0.125,0.16666666666666666,0.050748620223090936,False,True,False,False,True,False,False,False,True,1
341,0.2963056044232219,0.375,0.3333333333333333,0.5133418122566507,True,False,False,True,False,False,False,False,True,1
342,0.34656948982156316,0.0,0.0,0.025374310111545468,False,True,False,False,True,False,False,False,True,0
343,0.3088715757728072,0.0,0.0,0.025374310111545468,False,True,False,False,True,False,False,False,True,0
344,0.4470972606182458,0.0,0.0,0.025374310111545468,False,True,False,False,True,False,False,False,True,0
345,0.2963056044232219,0.0,0.0,0.025374310111545468,False,True,False,True,False,False,False,False,True,1
346,0.49736114601658704,0.0,0.0,0.025374310111545468,False,True,False,True,False,False,False,False,True,1
347,0.36792055349407915,0.125,0.0,0.031425107138144774,False,False,True,True,False,False,False,False,True,1
348,0.032420206081930136,0.125,0.16666666666666666,0.031034733136428686,False,False,True,False,True,False,False,False,True,1
349,0.5224930887157577,0.0,0.0,0.016908073949327893,False,False,True,False,True,False,False,False,True,0
350,0.2837396330736366,0.0,0.0,0.01800600082915438,False,False,True,False,True,False,False,False,True,0
351,0.36792055349407915,0.0,0.0,0.06831545030031472,True,False,False,False,True,False,False,False,True,0
352,0.18321186227695402,0.125,0.16666666666666666,0.014110458666029575,False,False,True,False,True,True,False,False,False,0
353,0.3088715757728072,0.125,0.0,0.034743286152731485,False,False,True,False,True,False,False,False,True,0
354,0.36792055349407915,0.0,0.0,0.014102260811993537,False,False,True,False,True,True,False,False,False,0
355,0.34656948982156316,0.0,0.0,0.018542765081513996,False,False,True,False,True,False,False,False,True,0
356,0.2711736617240512,0.0,0.16666666666666666,0.10735285047192313,True,False,False,True,False,False,False,False,True,1
357,0.4722292033174164,0.0,0.0,0.025374310111545468,False,True,False,True,False,False,False,False,True,0
358,0.36792055349407915,0.0,0.0,0.01537917417160685,False,False,True,True,False,False,False,True,False,1
359,0.36792055349407915,0.0,0.0,0.01537917417160685,False,False,True,True,False,False,False,True,False,1
360,0.49736114601658704,0.125,0.6666666666666666,0.05445717323939373,False,False,True,False,True,False,False,False,True,0
361,0.35913546117114853,0.125,0.0,0.05410739813385612,False,True,False,False,True,True,False,False,False,0
362,0.5601910027645137,0.0,0.16666666666666666,0.028212719478023115,False,False,True,True,False,True,False,False,False,0
363,0.4345312892686604,0.0,0.0,0.013760683560491965,False,False,True,False,True,False,False,False,True,0
364,0.36792055349407915,0.125,0.0,0.030253985132996517,False,False,True,False,True,False,False,True,False,0
365,0.37170143252073384,0.0,0.0,0.014151057562208049,False,False,True,False,True,False,False,False,True,0
366,0.7486805730082936,0.125,0.0,0.14687821814567664,True,False,False,True,False,True,False,False,False,1
367,0.36792055349407915,0.0,0.0,0.014110458666029575,False,False,True,True,False,True,False,False,False,1
368,0.36792055349407915,0.0,0.0,0.015126992566498259,False,False,True,True,False,False,False,True,False,1
369,0.2963056044232219,0.0,0.0,0.13526459159462315,True,False,False,True,False,True,False,False,False,1
370,0.3088715757728072,0.125,0.0,0.1082149914547131,True,False,False,False,True,True,False,False,False,1
371,0.22090977632571,0.125,0.0,0.012678957201736696,False,False,True,False,True,False,False,False,True,0
372,0.2334757476752953,0.0,0.0,0.015712553569072387,False,False,True,False,True,False,False,False,True,0
373,0.2711736617240512,0.0,0.0,0.2647385704347907,True,False,False,False,True,True,False,False,False,0
374,0.032420206081930136,0.375,0.16666666666666666,0.04113566043083236,False,False,True,True,False,False,False,False,True,0
375,0.36792055349407915,0.125,0.0,0.16038672010106003,True,False,False,True,False,True,False,False,False,1
376,0.2711736617240512,0.0,0.0,0.014151057562208049,False,False,True,True,False,False,False,False,True,1
377,0.33400351847197784,0.0,0.3333333333333333,0.41282050681475896,True,False,False,False,True,True,False,False,False,0
378,0.24604171902488062,0.0,0.0,0.007831878409428937,False,False,True,False,True,True,False,False,False,0
379,0.2334757476752953,0.0,0.0,0.015175789316712771,False,False,True,False,True,False,False,False,True,0
380,0.5224930887157577,0.0,0.0,0.4440992237022602,True,False,False,True,False,True,False,False,False,1
381,0.007288263382759488,0.0,0.3333333333333333,0.030725752114070404,False,False,True,True,False,True,False,False,False,1
382,0.39683337521990447,0.0,0.0,0.015468569817999833,False,False,True,False,True,False,False,False,True,0
383,0.4345312892686604,0.125,0.0,0.10149724044618187,True,False,False,True,False,False,False,False,True,1
384,0.36792055349407915,0.0,0.0,0.015411575213749286,False,False,True,False,True,False,False,False,True,0
385,0.22090977632571,0.0,0.0,0.1434624456306609,False,True,False,False,True,False,False,False,True,0
386,0.007288263382759488,0.625,0.3333333333333333,0.09154270340242172,False,False,True,False,True,False,False,False,True,0
387,0.4470972606182458,0.0,0.0,0.025374310111545468,False,True,False,True,False,False,False,False,True,1
388,0.36792055349407915,0.0,0.0,0.015086393670319786,False,False,True,False,True,False,False,True,False,0
389,0.20834380497612465,0.0,0.0,0.023422440102965045,False,True,False,True,False,True,False,False,False,1
390,0.4470972606182458,0.125,0.3333333333333333,0.23422440102965048,True,False,False,False,True,False,False,False,True,1
391,0.2586076903744659,0.0,0.0,0.015216388212891242,False,False,True,False,True,False,False,False,True,1
392,0.34656948982156316,0.25,0.0,0.015468569817999833,False,False,True,False,True,False,False,False,True,0
393,0.2837396330736366,0.125,0.0,0.22109807522194713,True,False,False,True,False,True,False,False,False,1
394,0.2963056044232219,0.0,0.3333333333333333,0.03259622914329302,False,False,True,True,False,False,False,False,True,1
395,0.2711736617240512,0.0,0.0,0.015216388212891242,False,False,True,False,True,False,False,False,True,0
396,0.38426740387031916,0.0,0.0,0.015330377421392339,False,False,True,True,False,False,False,False,True,0
397,0.5727569741140991,0.0,0.0,0.050748620223090936,False,True,False,False,True,False,False,False,True,0
398,0.2837396330736366,0.0,0.0,0.020494635090094415,False,True,False,False,True,False,False,False,True,0
399,0.34656948982156316,0.0,0.0,0.02469115560854232,False,True,False,True,False,False,False,False,True,1
400,0.4847951746670017,0.0,0.0,0.015468569817999833,False,False,True,False,True,False,False,False,True,1
401,0.32143754712239253,0.0,0.0,0.015712553569072387,False,False,True,False,True,False,False,False,True,0
402,0.2586076903744659,0.125,0.0,0.019177122834302632,False,False,True,True,False,False,False,False,True,0
403,0.34656948982156316,0.125,0.0,0.030937139635999665,False,False,True,False,True,False,False,False,True,0
404,0.24604171902488062,0.0,0.0,0.016908073949327893,False,False,True,True,False,False,False,False,True,0
405,0.4219653179190751,0.125,0.0,0.04098927018018883,False,True,False,False,True,False,False,False,True,0
406,0.6355868308620256,0.0,0.0,0.015126992566498259,False,False,True,False,True,False,False,False,True,0
407,0.032420206081930136,0.125,0.16666666666666666,0.03659756266088288,False,True,False,False,True,False,False,False,True,1
408,0.2586076903744659,0.0,0.0,0.015175789316712771,False,False,True,False,True,False,False,False,True,0
409,0.36792055349407915,0.375,0.16666666666666666,0.049707687947515,False,False,True,True,False,False,False,False,True,0
410,0.36792055349407915,0.0,0.0,0.015411575213749286,False,False,True,False,True,False,False,False,True,0
411,0.36792055349407915,0.0,0.0,0.013386510079847098,False,False,True,False,True,False,False,True,False,0
412,0.4093993465694898,0.125,0.0,0.17566830077223786,True,False,False,True,False,False,False,True,False,1
413,0.36792055349407915,0.0,0.0,0.0,False,True,False,False,True,False,False,False,True,0
414,0.5476250314149284,0.0,0.0,0.015468569817999833,False,False,True,False,True,False,False,False,True,1
415,0.36792055349407915,0.0,0.0,0.015712553569072387,False,False,True,True,False,False,False,False,True,0
416,0.4219653179190751,0.125,0.16666666666666666,0.06343577527886367,False,True,False,True,False,False,False,False,True,1
417,0.22090977632571,0.0,0.3333333333333333,0.025374310111545468,False,True,False,True,False,False,False,False,True,1
418,0.37170143252073384,0.0,0.0,0.025374310111545468,False,True,False,False,True,False,False,False,True,0
419,0.12038200552902739,0.0,0.3333333333333333,0.04713766070721715,False,False,True,True,False,False,False,False,True,0
420,0.36792055349407915,0.0,0.0,0.015411575213749286,False,False,True,False,True,True,False,False,False,0
421,0.2586076903744659,0.0,0.0,0.015094396337354966,False,False,True,False,True,False,False,True,False,0
422,0.35913546117114853,0.0,0.0,0.015370976317570811,False,False,True,False,True,False,False,False,True,0
423,0.34656948982156316,0.125,0.16666666666666666,0.028106928123558056,False,False,True,True,False,False,False,False,True,0
424,0.22090977632571,0.125,0.16666666666666666,0.039452172548431745,False,False,True,False,True,False,False,False,True,0
425,0.36792055349407915,0.0,0.0,0.014151057562208049,False,False,True,False,True,False,False,False,True,0
426,0.34656948982156316,0.125,0.0,0.050748620223090936,False,True,False,True,False,False,False,False,True,1
427,0.2334757476752953,0.0,0.0,0.050748620223090936,False,True,False,True,False,False,False,False,True,1
428,0.36792055349407915,0.0,0.0,0.015126992566498259,False,False,True,False,True,False,False,True,False,0
429,0.39683337521990447,0.0,0.0,0.015712553569072387,False,False,True,False,True,False,False,False,True,1
430,0.34656948982156316,0.0,0.0,0.051822148727810165,True,False,False,False,True,False,False,False,True,1
431,0.36792055349407915,0.125,0.0,0.031425107138144774,False,False,True,True,False,False,False,False,True,1
432,0.5224930887157577,0.125,0.0,0.050748620223090936,False,True,False,True,False,False,False,False,True,1
433,0.20834380497612465,0.0,0.0,0.013907073811135496,False,False,True,False,True,False,False,False,True,0
434,0.6230208595124404,0.125,0.0,0.1091095334796455,True,False,False,False,True,False,False,False,True,0
435,0.17064589092736868,0.125,0.3333333333333333,0.23422440102965048,True,False,False,True,False,False,False,False,True,1
436,0.2586076903744659,0.25,0.3333333333333333,0.06709553154495196,False,False,True,True,False,False,False,False,True,0
437,0.2963056044232219,0.25,0.5,0.03659756266088288,False,True,False,True,False,False,False,False,True,1
438,0.7989444584066349,0.125,0.6666666666666666,0.5133418122566507,True,False,False,False,True,False,False,False,True,0
439,0.38426740387031916,0.0,0.0,0.020494635090094415,False,True,False,False,True,False,False,False,True,0
440,0.5601910027645137,0.125,0.16666666666666666,0.05123658772523604,False,True,False,True,False,False,False,False,True,1
441,0.24604171902488062,0.0,0.0,0.018542765081513996,False,False,True,False,True,False,False,False,True,0
442,0.3088715757728072,0.125,0.0,0.015175789316712771,False,False,True,False,True,False,False,False,True,0
443,0.34656948982156316,0.0,0.0,0.025374310111545468,False,True,False,True,False,False,False,False,True,1
444,0.36792055349407915,0.0,0.0,0.015834545444608664,False,False,True,False,True,False,False,False,True,1
445,0.04498617743151546,0.0,0.3333333333333333,0.15977676072337862,True,False,False,False,True,False,False,False,True,1
446,0.15807991957778336,0.0,0.16666666666666666,0.038061465167318204,False,True,False,True,False,False,False,False,True,1
447,0.4219653179190751,0.0,0.0,0.051822148727810165,True,False,False,False,True,False,False,False,True,1
448,0.05755214878110078,0.25,0.16666666666666666,0.03758969818624431,False,False,True,True,False,True,False,False,False,1
449,0.648152802211611,0.0,0.0,0.05953203526170282,True,False,False,False,True,False,False,False,True,1
450,0.4470972606182458,0.125,0.3333333333333333,0.05416439273810667,False,True,False,False,True,False,False,False,True,0
451,0.36792055349407915,0.125,0.0,0.03897240290032268,False,False,True,False,True,False,False,False,True,0
452,0.37170143252073384,0.0,0.0,0.05416439273810667,True,False,False,False,True,True,False,False,False,0
453,0.610454888162855,0.125,0.0,0.17391981561855152,True,False,False,False,True,True,False,False,False,1
454,0.36792055349407915,0.0,0.0,0.015712553569072387,False,False,True,False,True,False,False,False,True,0
455,0.35913546117114853,0.0,0.0,0.015411575213749286,False,False,True,False,True,True,False,False,False,1
456,0.8115104297562202,0.0,0.0,0.051822148727810165,True,False,False,False,True,False,False,False,True,0
457,0.36792055349407915,0.125,0.0,0.10122885832000206,True,False,False,True,False,False,False,False,True,1
458,0.6230208595124404,0.0,0.0,0.020494635090094415,False,True,False,True,False,False,False,False,True,1
459,0.36792055349407915,0.0,0.0,0.015126992566498259,False,False,True,False,True,False,False,True,False,0
460,0.5978889168132697,0.0,0.0,0.051822148727810165,True,False,False,False,True,False,False,False,True,1
461,0.4219653179190751,0.0,0.0,0.015712553569072387,False,False,True,False,True,False,False,False,True,0
462,0.5853229454636844,0.0,0.0,0.07514699533034619,True,False,False,False,True,False,False,False,True,0
463,0.5978889168132697,0.0,0.0,0.025374310111545468,False,True,False,False,True,False,False,False,True,0
464,0.36792055349407915,0.0,0.0,0.015712553569072387,False,False,True,False,True,False,False,False,True,0
465,0.4722292033174164,0.0,0.0,0.013760683560491965,False,False,True,False,True,False,False,False,True,0
466,0.36792055349407915,0.0,0.0,0.0,False,True,False,False,True,False,False,False,True,0
467,0.6984166876099522,0.0,0.0,0.051822148727810165,True,False,False,False,True,False,False,False,True,0
468,0.36792055349407915,0.0,0.0,0.015078195816283748,False,False,True,False,True,False,False,True,False,0
469,0.0041467705453631576,0.25,0.16666666666666666,0.03758969818624431,False,False,True,True,False,True,False,False,False,1
470,0.36792055349407915,0.0,0.0,0.014151057562208049,False,False,True,False,True,False,False,False,True,0
471,0.4722292033174164,0.0,0.0,0.016908073949327893,False,False,True,False,True,False,False,False,True,0
472,0.4093993465694898,0.125,0.3333333333333333,0.05416439273810667,False,True,False,True,False,False,False,False,True,1
473,0.2837396330736366,0.0,0.0,0.026919605597338588,False,True,False,True,False,True,False,False,False,1
474,0.2711736617240512,0.0,0.0,0.019201521209409888,False,False,True,True,False,False,False,False,True,0
475,0.36792055349407915,0.0,0.0,0.10149724044618187,True,False,False,False,True,False,False,False,True,0
476,0.4219653179190751,0.125,0.0,0.04098927018018883,False,True,False,False,True,False,False,False,True,0
477,0.35913546117114853,0.125,0.0,0.013752485706455927,False,False,True,False,True,False,False,False,True,0
478,0.2711736617240512,0.0,0.0,0.014679623960531627,False,False,True,False,True,False,False,False,True,0
479,0.01985423473234481,0.0,0.16666666666666666,0.023983602730431916,False,False,True,True,False,False,False,False,True,1
480,0.10781603417944208,0.625,0.3333333333333333,0.09154270340242172,False,False,True,False,True,False,False,False,True,0
481,0.36792055349407915,0.0,0.0,0.0,False,True,False,False,True,False,False,False,True,0
482,0.6230208595124404,0.0,0.0,0.015712553569072387,False,False,True,False,True,False,False,False,True,0
483,0.7863784870570495,0.0,0.0,0.018713553707264782,False,False,True,True,False,False,False,False,True,1
484,0.3088715757728072,0.125,0.0,0.17777475888549785,True,False,False,False,True,True,False,False,False,1
485,0.36792055349407915,0.375,0.16666666666666666,0.049707687947515,False,False,True,True,False,False,False,False,True,0
486,0.4345312892686604,0.125,0.0,0.17566830077223786,True,False,False,True,False,False,False,False,True,1
487,0.723548630309123,0.0,0.0,0.057970539254838485,True,False,False,False,True,True,False,False,False,0
488,0.37170143252073384,0.0,0.0,0.015712553569072387,False,False,True,False,True,False,False,False,True,0
489,0.10781603417944208,0.125,0.16666666666666666,0.031034733136428686,False,False,True,False,True,False,False,False,True,1
490,0.36792055349407915,0.125,0.0,0.03897240290032268,False,False,True,False,True,False,False,False,True,0
491,0.2586076903744659,0.0,0.0,0.014151057562208049,False,False,True,False,True,False,False,False,True,0
492,0.685850716260367,0.0,0.0,0.05953203526170282,True,False,False,False,True,False,False,False,True,0
493,0.8869062578537321,0.0,0.0,0.09662576327876685,True,False,False,False,True,True,False,False,False,0
494,0.2586076903744659,0.0,0.0,0.015712553569072387,False,False,True,False,True,False,False,False,True,0
495,0.36792055349407915,0.0,0.0,0.028220722145058292,False,False,True,False,True,True,False,False,False,0
496,0.6732847449107816,0.125,0.0,0.1527664244005612,True,False,False,True,False,True,False,False,False,1
497,0.36792055349407915,0.0,0.0,0.029473237129564348,False,False,True,False,True,False,False,False,True,0
498,0.3088715757728072,0.125,0.3333333333333333,0.29580589980036276,True,False,False,True,False,False,False,False,True,0
499,0.2963056044232219,0.0,0.0,0.015216388212891242,False,False,True,False,True,False,False,False,True,0
500,0.20834380497612465,0.0,0.0,0.016908073949327893,False,False,True,False,True,False,False,False,True,0
501,0.2586076903744659,0.0,0.0,0.015126992566498259,False,False,True,True,False,False,False,True,False,0
502,0.36792055349407915,0.0,0.0,0.014891206669461744,False,False,True,True,False,False,False,True,False,0
503,0.4596632319678311,0.0,0.0,0.018713553707264782,False,False,True,True,False,False,False,False,True,0
504,0.19577783362653933,0.0,0.0,0.16883675574220638,True,False,False,True,False,False,False,False,True,1
505,0.22090977632571,0.125,0.0,0.2125586439344078,True,False,False,False,True,True,False,False,False,0
506,0.4093993465694898,0.0,0.3333333333333333,0.050748620223090936,False,True,False,True,False,False,False,False,True,1
507,0.36792055349407915,0.0,0.0,0.051822148727810165,True,False,False,False,True,False,False,False,True,1
508,0.34656948982156316,0.0,0.0,0.04396587194327397,False,False,True,False,True,False,False,False,True,0
509,0.32143754712239253,0.0,0.0,0.11027245763075773,False,False,True,False,True,False,False,False,True,1
510,0.35913546117114853,0.0,0.0,0.015126992566498259,False,False,True,False,True,False,False,True,False,1
511,0.36792055349407915,0.0,0.0,0.015712553569072387,False,False,True,False,True,False,False,False,True,0
512,0.4470972606182458,0.0,0.0,0.05130978285055781,True,False,False,False,True,False,False,False,True,1
513,0.6732847449107816,0.125,0.0,0.11594107850967697,True,False,False,True,False,True,False,False,False,1
514,0.2963056044232219,0.0,0.0,0.014630827210317117,False,False,True,False,True,False,False,False,True,0
515,0.5853229454636844,0.0,0.0,0.06640417918791278,True,False,False,False,True,False,False,False,True,0
516,0.4219653179190751,0.0,0.0,0.020494635090094415,False,True,False,True,False,False,False,False,True,1
517,0.36792055349407915,0.0,0.0,0.04713766070721715,False,False,True,False,True,False,False,True,False,0
518,0.4470972606182458,0.125,0.0,0.050748620223090936,False,True,False,True,False,False,False,False,True,1
519,0.39683337521990447,0.0,0.0,0.015411575213749286,False,False,True,False,True,False,False,False,True,0
520,0.37170143252073384,0.0,0.0,0.18249984580226933,True,False,False,True,False,False,False,False,True,1
521,0.2711736617240512,0.0,0.0,0.015411575213749286,False,False,True,False,True,False,False,False,True,0
522,0.36792055349407915,0.0,0.0,0.014102260811993537,False,False,True,False,True,True,False,False,False,0
523,0.5476250314149284,0.0,0.16666666666666666,0.11316786160148591,True,False,False,True,False,True,False,False,False,1
524,0.36792055349407915,0.0,0.0,0.014110458666029575,False,False,True,False,True,True,False,False,False,0
525,0.5036441316913798,0.0,0.0,0.015126992566498259,False,False,True,False,True,False,False,True,False,0
526,0.6230208595124404,0.0,0.0,0.020494635090094415,False,True,False,True,False,False,False,False,True,1
527,0.36792055349407915,0.0,0.0,0.4328841690069588,True,False,False,False,True,False,False,False,True,0
528,0.4847951746670017,0.0,0.0,0.015468569817999833,False,False,True,False,True,False,False,False,True,0
529,0.2837396330736366,0.25,0.16666666666666666,0.022446505098674838,False,True,False,False,True,False,False,False,True,0
530,0.01985423473234481,0.125,0.16666666666666666,0.050748620223090936,False,True,False,True,False,False,False,False,True,1
531,0.36792055349407915,0.0,0.0,0.014110458666029575,False,False,True,False,True,True,False,False,False,0
532,0.20834380497612465,0.125,0.16666666666666666,0.014110458666029575,False,False,True,False,True,True,False,False,False,0
533,0.36792055349407915,0.0,0.3333333333333333,0.04364049521284362,False,False,True,True,False,True,False,False,False,1
534,0.37170143252073384,0.0,0.0,0.016908073949327893,False,False,True,True,False,False,False,False,True,0
535,0.08268409148027142,0.0,0.3333333333333333,0.05123658772523604,False,True,False,True,False,False,False,False,True,1
536,0.5601910027645137,0.0,0.0,0.051822148727810165,True,False,False,False,True,False,False,False,True,0
537,0.37170143252073384,0.0,0.0,0.20772776566317125,True,False,False,True,False,True,False,False,False,1
538,0.36792055349407915,0.0,0.0,0.028302115124416098,False,False,True,False,True,False,False,False,True,0
539,0.2711736617240512,0.0,0.3333333333333333,0.09661756542473082,True,False,False,True,False,True,False,False,False,1
540,0.4470972606182458,0.0,0.3333333333333333,0.13858277060920987,True,False,False,True,False,False,False,False,True,1
541,0.10781603417944208,0.5,0.3333333333333333,0.06104473451835265,False,False,True,True,False,False,False,False,True,0
542,0.1329479768786127,0.5,0.3333333333333333,0.06104473451835265,False,False,True,True,False,False,False,False,True,0
543,0.39683337521990447,0.125,0.0,0.050748620223090936,False,True,False,False,True,False,False,False,True,1
544,0.6230208595124404,0.125,0.0,0.20772776566317125,True,False,False,False,True,True,False,False,False,0
545,0.7989444584066349,0.0,0.0,0.050748620223090936,True,False,False,False,True,False,False,False,True,0
546,0.2334757476752953,0.125,0.0,0.050748620223090936,False,True,False,True,False,False,False,False,True,1
547,0.36792055349407915,0.0,0.0,0.02705779799394608,False,True,False,False,True,True,False,False,False,1
548,0.4093993465694898,0.125,0.16666666666666666,0.04006213192611313,False,False,True,False,True,False,False,False,True,0
549,0.09525006282985675,0.125,0.16666666666666666,0.07173122281533045,False,True,False,False,True,False,False,False,True,1
550,0.20834380497612465,0.0,0.3333333333333333,0.21642978772242535,True,False,False,False,True,True,False,False,False,1
551,0.33400351847197784,0.0,0.0,0.050748620223090936,False,True,False,False,True,False,False,False,True,0
552,0.36792055349407915,0.0,0.0,0.015281580671177828,False,False,True,False,True,False,False,True,False,0
553,0.2711736617240512,0.0,0.0,0.014102260811993537,False,False,True,False,True,True,False,False,False,1
554,0.2711736617240512,0.0,0.0,0.015175789316712771,False,False,True,True,False,False,False,False,True,1
555,0.7738125157074642,0.0,0.0,0.051822148727810165,True,False,False,False,True,False,False,False,True,0
556,0.5978889168132697,0.125,0.0,0.07729405233978466,True,False,False,True,False,True,False,False,False,1
557,0.36792055349407915,0.0,0.0,0.4440992237022602,True,False,False,False,True,True,False,False,False,0
558,0.4847951746670017,0.125,0.16666666666666666,0.1554664461834305,True,False,False,True,False,False,False,False,True,1
559,0.4470972606182458,0.125,0.0,0.033962538149299316,False,False,True,True,False,False,False,False,True,1
560,0.36792055349407915,0.0,0.0,0.015126992566498259,False,False,True,False,True,False,False,True,False,0
561,0.49736114601658704,0.0,0.0,0.015411575213749286,False,False,True,False,True,False,False,False,True,0
562,0.34656948982156316,0.0,0.0,0.026350245115835676,False,True,False,False,True,False,False,False,True,0
563,0.36792055349407915,0.0,0.0,0.015712553569072387,False,False,True,False,True,False,False,False,True,0
564,0.36792055349407915,0.0,0.0,0.015712553569072387,False,False,True,True,False,False,False,False,True,0
565,0.2963056044232219,0.25,0.0,0.04713766070721715,False,False,True,False,True,False,False,False,True,0
566,0.2334757476752953,0.0,0.0,0.015411575213749286,False,False,True,False,True,False,False,False,True,0
567,0.35913546117114853,0.0,0.6666666666666666,0.04113566043083236,False,False,True,True,False,False,False,False,True,0
568,0.36792055349407915,0.0,0.0,0.014110458666029575,False,False,True,False,True,True,False,False,False,0
569,0.39683337521990447,0.0,0.0,0.015330377421392339,False,False,True,False,True,False,False,False,True,1
570,0.7738125157074642,0.0,0.0,0.020494635090094415,False,True,False,False,True,False,False,False,True,1
571,0.6607187735611963,0.25,0.0,0.10048070654571319,True,False,False,True,False,False,False,False,True,1
572,0.4470972606182458,0.0,0.0,0.051504969851415845,True,False,False,False,True,False,False,False,True,1
573,0.36792055349407915,0.0,0.0,0.015126992566498259,False,False,True,True,False,False,False,True,False,1
574,0.19577783362653933,0.0,0.0,0.015712553569072387,False,False,True,False,True,False,False,False,True,0
575,0.2334757476752953,0.0,0.0,0.028302115124416098,False,False,True,False,True,False,False,False,True,0
576,0.4219653179190751,0.0,0.0,0.025374310111545468,False,True,False,True,False,False,False,False,True,1
577,0.4847951746670017,0.125,0.0,0.1091095334796455,True,False,False,True,False,False,False,False,True,1
578,0.36792055349407915,0.125,0.0,0.028220722145058292,False,False,True,True,False,True,False,False,False,0
579,0.39683337521990447,0.0,0.0,0.015468569817999833,False,False,True,False,True,False,False,False,True,1
580,0.3088715757728072,0.125,0.16666666666666666,0.05855610025741262,False,True,False,True,False,False,False,False,True,1
581,0.4847951746670017,0.125,0.16666666666666666,0.21642978772242535,True,False,False,True,False,True,False,False,False,1
582,0.6732847449107816,0.0,0.0,0.050748620223090936,False,True,False,False,True,False,False,False,True,0
583,0.4470972606182458,0.0,0.0,0.07831878409428937,True,False,False,False,True,True,False,False,False,0
584,0.36792055349407915,0.0,0.0,0.017005667449756914,False,False,True,False,True,True,False,False,False,0
585,0.22090977632571,0.0,0.3333333333333333,0.1554664461834305,True,False,False,True,False,False,False,False,True,1
586,0.5853229454636844,0.0,0.0,0.02927805012870631,False,True,False,False,True,False,False,False,True,0
587,0.7486805730082936,0.125,0.16666666666666666,0.15458810467956932,True,False,False,False,True,True,False,False,False,1
588,0.2711736617240512,0.0,0.0,0.015712553569072387,False,False,True,False,True,False,False,False,True,0
589,0.36792055349407915,0.0,0.0,0.015712553569072387,False,False,True,False,True,False,False,False,True,0
590,0.4345312892686604,0.0,0.0,0.013907073811135496,False,False,True,False,True,False,False,False,True,0
591,0.648152802211611,0.125,0.0,0.1527664244005612,True,False,False,True,False,True,False,False,False,1
592,0.5853229454636844,0.0,0.0,0.014151057562208049,False,False,True,False,True,False,False,False,True,0
593,0.36792055349407915,0.0,0.3333333333333333,0.015126992566498259,False,False,True,True,False,False,False,True,False,0
594,0.4596632319678311,0.125,0.0,0.050748620223090936,False,True,False,False,True,False,False,False,True,0
595,0.4470972606182458,0.125,0.16666666666666666,0.04713766070721715,False,False,True,False,True,False,False,False,True,0
596,0.36792055349407915,0.0,0.0,0.06441171028315387,False,True,False,True,False,False,False,False,True,1
597,0.610454888162855,0.0,0.0,0.0,False,False,True,False,True,False,False,False,True,0
598,0.36792055349407915,0.0,0.0,0.014102260811993537,False,False,True,False,True,True,False,False,False,0
599,0.610454888162855,0.125,0.0,0.11111839809247648,True,False,False,False,True,True,False,False,False,1
600,0.2963056044232219,0.25,0.16666666666666666,0.05270049023167135,False,True,False,True,False,False,False,False,True,1
601,0.36792055349407915,0.0,0.0,0.015411575213749286,False,False,True,False,True,False,False,False,True,0
602,0.36792055349407915,0.0,0.0,0.08275928836380983,True,False,False,False,True,False,False,False,True,0
603,0.5476250314149284,0.0,0.0,0.015712553569072387,False,False,True,False,True,False,False,False,True,0
604,0.4345312892686604,0.0,0.0,0.051822148727810165,True,False,False,False,True,True,False,False,False,1
605,0.4470972606182458,0.125,0.0,0.030351578633425542,False,False,True,False,True,False,False,False,True,0
606,0.37170143252073384,0.0,0.0,0.015411575213749286,False,False,True,False,True,False,False,False,True,0
607,0.33400351847197784,0.0,0.0,0.05953203526170282,True,False,False,False,True,False,False,False,True,1
608,0.2711736617240512,0.125,0.3333333333333333,0.08115719346076702,False,True,False,True,False,True,False,False,False,1
609,0.49736114601658704,0.0,0.0,0.2995388511917728,True,False,False,True,False,False,False,False,True,1
610,0.4847951746670017,0.125,0.8333333333333333,0.06104473451835265,False,False,True,True,False,False,False,False,True,0
611,0.36792055349407915,0.0,0.0,0.013760683560491965,False,False,True,False,True,False,False,False,True,0
612,0.36792055349407915,0.125,0.0,0.030253985132996517,False,False,True,True,False,False,False,True,False,1
613,0.36792055349407915,0.0,0.0,0.015126992566498259,False,False,True,False,True,False,False,True,False,0
614,0.4345312892686604,0.0,0.0,0.015712553569072387,False,False,True,False,True,False,False,False,True,0
615,0.2963056044232219,0.125,0.3333333333333333,0.12687155055772734,False,True,False,True,False,False,False,False,True,1
616,0.4219653179190751,0.125,0.16666666666666666,0.028106928123558056,False,False,True,False,True,False,False,False,True,0
617,0.32143754712239253,0.125,0.0,0.031425107138144774,False,False,True,True,False,False,False,False,True,0
618,0.04498617743151546,0.25,0.16666666666666666,0.07612293033463641,False,True,False,True,False,False,False,False,True,1
619,0.32143754712239253,0.0,0.0,0.020494635090094415,False,True,False,False,True,False,False,False,True,0
620,0.33400351847197784,0.125,0.0,0.028212719478023115,False,False,True,False,True,True,False,False,False,0
621,0.5224930887157577,0.125,0.0,0.10257896680493714,True,False,False,False,True,False,False,False,True,1
622,0.24604171902488062,0.125,0.16666666666666666,0.030725752114070404,False,False,True,False,True,True,False,False,False,1
623,0.2586076903744659,0.0,0.0,0.015330377421392339,False,False,True,False,True,False,False,False,True,0
624,0.2586076903744659,0.0,0.0,0.031425107138144774,False,False,True,False,True,False,False,False,True,0
625,0.7612465443578789,0.0,0.0,0.06308600017332605,True,False,False,False,True,False,False,False,True,0
626,0.7109826589595376,0.0,0.0,0.024105594605968193,False,True,False,False,True,False,False,True,False,0
627,0.2586076903744659,0.0,0.0,0.15216446768991498,True,False,False,True,False,False,False,False,True,1
628,0.32143754712239253,0.0,0.0,0.015411575213749286,False,False,True,False,True,False,False,False,True,0
629,0.36792055349407915,0.0,0.0,0.015094396337354966,False,False,True,False,True,False,False,True,False,0
630,1.0,0.0,0.0,0.05855610025741262,True,False,False,False,True,False,False,False,True,1
631,0.6355868308620256,0.0,0.0,0.013768881414528002,False,False,True,False,True,False,False,False,True,0
632,0.39683337521990447,0.0,0.0,0.05953203526170282,True,False,False,False,True,True,False,False,False,1
633,0.36792055349407915,0.0,0.0,0.0,True,False,False,False,True,False,False,False,True,0
634,0.10781603417944208,0.375,0.3333333333333333,0.05445717323939373,False,False,True,True,False,False,False,False,True,0
635,0.34656948982156316,0.0,0.0,0.025374310111545468,False,True,False,True,False,False,False,False,True,1
636,0.39683337521990447,0.0,0.0,0.015468569817999833,False,False,True,False,True,False,False,False,True,0
637,0.38426740387031916,0.125,0.16666666666666666,0.05123658772523604,False,True,False,False,True,False,False,False,True,0
638,0.5099271173661725,0.0,0.8333333333333333,0.07746484096553544,False,False,True,True,False,False,False,False,True,0
639,0.36792055349407915,0.125,0.0,0.031425107138144774,False,False,True,False,True,False,False,False,True,0
640,0.24604171902488062,0.0,0.0,0.015330377421392339,False,False,True,False,True,False,False,False,True,0
641,0.2963056044232219,0.0,0.0,0.13526459159462315,True,False,False,True,False,True,False,False,False,1
642,0.01985423473234481,0.375,0.3333333333333333,0.05445717323939373,False,False,True,True,False,False,False,False,True,0
643,0.36792055349407915,0.0,0.0,0.11027245763075773,False,False,True,False,True,False,False,False,True,1
644,0.0041467705453631576,0.25,0.16666666666666666,0.03758969818624431,False,False,True,True,False,True,False,False,False,1
645,0.5978889168132697,0.125,0.0,0.1497654242623688,True,False,False,False,True,True,False,False,False,1
646,0.2334757476752953,0.0,0.0,0.015411575213749286,False,False,True,False,True,False,False,False,True,0
647,0.6984166876099522,0.0,0.0,0.06929138530460494,True,False,False,False,True,True,False,False,False,1
648,0.36792055349407915,0.0,0.0,0.014736618564782174,False,False,True,False,True,False,False,False,True,0
649,0.2837396330736366,0.0,0.0,0.014736618564782174,False,False,True,True,False,False,False,False,True,1
650,0.36792055349407915,0.0,0.0,0.015411575213749286,False,False,True,False,True,False,False,False,True,0
651,0.22090977632571,0.0,0.16666666666666666,0.044893010197349675,False,True,False,True,False,False,False,False,True,1
652,0.2586076903744659,0.0,0.0,0.01646070534336126,False,False,True,False,True,False,False,False,True,0
653,0.36792055349407915,0.0,0.0,0.015281580671177828,False,False,True,True,False,False,False,True,False,1
654,0.22090977632571,0.0,0.0,0.013175122557917838,False,False,True,True,False,False,False,True,False,0
655,0.2963056044232219,0.25,0.0,0.1434624456306609,False,True,False,False,True,False,False,False,True,0
656,0.36792055349407915,0.0,0.0,0.015411575213749286,False,False,True,False,True,False,False,False,True,0
657,0.39683337521990447,0.125,0.16666666666666666,0.030253985132996517,False,False,True,True,False,False,False,True,False,0
658,0.2837396330736366,0.0,0.0,0.025374310111545468,False,True,False,False,True,False,False,False,True,0
659,0.723548630309123,0.0,0.3333333333333333,0.22109807522194713,True,False,False,False,True,True,False,False,False,0
660,0.6230208595124404,0.25,0.0,0.2608674266467732,True,False,False,False,True,False,False,False,True,1
661,0.49736114601658704,0.0,0.0,0.014102260811993537,False,False,True,False,True,True,False,False,False,0
662,0.5853229454636844,0.0,0.0,0.04994347384455151,True,False,False,False,True,False,False,False,True,0
663,0.4470972606182458,0.0,0.0,0.014630827210317117,False,False,True,False,True,False,False,False,True,0
664,0.24604171902488062,0.125,0.0,0.015468569817999833,False,False,True,False,True,False,False,False,True,1
665,0.39683337521990447,0.25,0.0,0.1434624456306609,False,True,False,False,True,False,False,False,True,0
666,0.3088715757728072,0.0,0.0,0.025374310111545468,False,True,False,False,True,False,False,False,True,0
667,0.36792055349407915,0.0,0.0,0.015175789316712771,False,False,True,False,True,False,False,False,True,0
668,0.5350590600653431,0.0,0.0,0.015712553569072387,False,False,True,False,True,False,False,False,True,0
669,0.36792055349407915,0.125,0.0,0.10149724044618187,True,False,False,True,False,False,False,False,True,1
670,0.49736114601658704,0.125,0.16666666666666666,0.07612293033463641,False,True,False,True,False,False,False,False,True,1
671,0.38426740387031916,0.125,0.0,0.10149724044618187,True,False,False,False,True,False,False,False,True,0
672,0.8743402865041467,0.0,0.0,0.020494635090094415,False,True,False,False,True,False,False,False,True,0
673,0.38426740387031916,0.0,0.0,0.025374310111545468,False,True,False,False,True,False,False,False,True,1
674,0.36792055349407915,0.0,0.0,0.0,False,True,False,False,True,False,False,False,True,0
675,0.22090977632571,0.0,0.0,0.015175789316712771,False,False,True,False,True,False,False,False,True,0
676,0.30258859009801453,0.0,0.0,0.015712553569072387,False,False,True,False,True,False,False,False,True,0
677,0.22090977632571,0.0,0.0,0.019209719063445922,False,False,True,True,False,False,False,False,True,1
678,0.5350590600653431,0.125,1.0,0.09154270340242172,False,False,True,True,False,False,False,False,True,0
679,0.4470972606182458,0.0,0.16666666666666666,1.0,True,False,False,False,True,True,False,False,False,1
680,0.36792055349407915,0.0,0.0,0.01588334219482317,False,False,True,True,False,False,False,True,False,0
681,0.33400351847197784,0.0,0.0,0.1497654242623688,True,False,False,False,True,True,False,False,False,1
682,0.24604171902488062,0.0,0.0,0.01800600082915438,False,False,True,False,True,False,False,False,True,0
683,0.17064589092736868,0.625,0.3333333333333333,0.09154270340242172,False,False,True,False,True,False,False,False,True,0
684,0.7486805730082936,0.125,0.16666666666666666,0.07612293033463641,False,True,False,False,True,False,False,False,True,0
685,0.3088715757728072,0.125,0.3333333333333333,0.08115719346076702,False,True,False,False,True,True,False,False,False,0
686,0.17064589092736868,0.5,0.16666666666666666,0.07746484096553544,False,False,True,False,True,False,False,False,True,0
687,0.2334757476752953,0.0,0.0,0.019852079483269742,False,False,True,False,True,False,False,False,True,0
688,0.22090977632571,0.0,0.0,0.015216388212891242,False,False,True,False,True,False,False,False,True,0
689,0.18321186227695402,0.0,0.16666666666666666,0.41250332793836464,True,False,False,True,False,False,False,False,True,1
690,0.38426740387031916,0.125,0.0,0.11125659048908397,True,False,False,False,True,False,False,False,True,1
691,0.04498617743151546,0.0,0.16666666666666666,0.026187654344120927,False,False,True,True,False,True,False,False,False,1
692,0.36792055349407915,0.0,0.0,0.11027245763075773,False,False,True,False,True,False,False,False,True,1
693,0.3088715757728072,0.0,0.0,0.014102260811993537,False,False,True,False,True,True,False,False,False,0
694,0.7486805730082936,0.0,0.0,0.051822148727810165,True,False,False,False,True,False,False,False,True,0
695,0.648152802211611,0.0,0.0,0.026350245115835676,False,True,False,False,True,False,False,False,True,0
696,0.5476250314149284,0.0,0.0,0.015712553569072387,False,False,True,False,True,False,False,False,True,0
697,0.36792055349407915,0.0,0.0,0.015094396337354966,False,False,True,True,False,False,False,True,False,1
698,0.610454888162855,0.125,0.16666666666666666,0.21642978772242535,True,False,False,False,True,True,False,False,False,0
699,0.5224930887157577,0.0,0.0,0.014931805565640218,False,False,True,False,True,False,False,False,True,0
700,0.22090977632571,0.125,0.0,0.4440992237022602,True,False,False,True,False,True,False,False,False,1
701,0.4345312892686604,0.0,0.0,0.05130978285055781,True,False,False,False,True,False,False,False,True,1
702,0.22090977632571,0.0,0.16666666666666666,0.028212719478023115,False,False,True,True,False,True,False,False,False,0
703,0.3088715757728072,0.0,0.0,0.015110792045427042,False,False,True,False,True,False,False,True,False,0
704,0.32143754712239253,0.125,0.0,0.015330377421392339,False,False,True,False,True,False,False,False,True,0
705,0.4847951746670017,0.0,0.0,0.050748620223090936,False,True,False,False,True,False,False,False,True,0
706,0.5601910027645137,0.0,0.0,0.026350245115835676,False,True,False,True,False,False,False,False,True,1
707,0.5224930887157577,0.0,0.0,0.05130978285055781,True,False,False,False,True,False,False,False,True,1
708,0.2711736617240512,0.0,0.0,0.29580589980036276,True,False,False,True,False,False,False,False,True,1
709,0.36792055349407915,0.125,0.16666666666666666,0.029757819776815374,False,False,True,False,True,True,False,False,False,1
710,0.2963056044232219,0.0,0.0,0.09662576327876685,True,False,False,True,False,True,False,False,False,1
711,0.36792055349407915,0.0,0.0,0.051822148727810165,True,False,False,False,True,False,False,False,True,0
712,0.5978889168132697,0.125,0.0,0.10149724044618187,True,False,False,False,True,False,False,False,True,1
713,0.35913546117114853,0.0,0.0,0.018510168852370702,False,False,True,False,True,False,False,False,True,0
714,0.648152802211611,0.0,0.0,0.025374310111545468,False,True,False,False,True,False,False,False,True,0
715,0.2334757476752953,0.0,0.0,0.014931805565640218,False,False,True,False,True,False,False,False,True,0
716,0.4722292033174164,0.0,0.0,0.4440992237022602,True,False,False,True,False,True,False,False,False,1
717,0.33400351847197784,0.0,0.0,0.020494635090094415,False,True,False,True,False,False,False,False,True,1
718,0.36792055349407915,0.0,0.0,0.030253985132996517,False,False,True,False,True,False,False,True,False,0
719,0.4093993465694898,0.0,0.0,0.015175789316712771,False,False,True,False,True,False,False,False,True,0
720,0.0701181201306861,0.0,0.16666666666666666,0.06441171028315387,False,True,False,True,False,False,False,False,True,1
721,0.20834380497612465,0.125,0.0,0.013768881414528002,False,False,True,False,True,False,False,False,True,0
722,0.4219653179190751,0.0,0.0,0.025374310111545468,False,True,False,False,True,False,False,False,True,0
723,0.6230208595124404,0.0,0.0,0.025374310111545468,False,True,False,False,True,False,False,False,True,0
724,0.33400351847197784,0.125,0.0,0.10364429745562033,True,False,False,False,True,False,False,False,True,1
725,0.24604171902488062,0.0,0.0,0.016908073949327893,False,False,True,False,True,False,False,False,True,0
726,0.37170143252073384,0.375,0.0,0.04098927018018883,False,True,False,True,False,False,False,False,True,1
727,0.36792055349407915,0.0,0.0,0.015102594191391004,False,False,True,True,False,False,False,True,False,1
728,0.3088715757728072,0.125,0.0,0.050748620223090936,False,True,False,False,True,False,False,False,True,0
729,0.3088715757728072,0.125,0.0,0.015468569817999833,False,False,True,True,False,False,False,False,True,0
730,0.35913546117114853,0.0,0.0,0.41250332793836464,True,False,False,True,False,False,False,False,True,1
731,0.1329479768786127,0.0,0.0,0.036670757786204655,False,False,True,False,True,True,False,False,False,0
732,0.36792055349407915,0.0,0.0,0.0,False,True,False,False,True,False,False,False,True,0
733,0.2837396330736366,0.0,0.0,0.025374310111545468,False,True,False,False,True,False,False,False,True,0
734,0.2837396330736366,0.0,0.0,0.025374310111545468,False,True,False,False,True,False,False,False,True,0
735,0.35285247549635584,0.0,0.0,0.031425107138144774,False,False,True,False,True,False,False,False,True,0
736,0.5978889168132697,0.125,0.5,0.06709553154495196,False,False,True,True,False,False,False,False,True,0
737,0.4345312892686604,0.0,0.0,1.0,True,False,False,False,True,True,False,False,False,1
738,0.36792055349407915,0.0,0.0,0.015411575213749286,False,False,True,False,True,False,False,False,True,0
739,0.36792055349407915,0.0,0.0,0.015411575213749286,False,False,True,False,True,False,False,False,True,0
740,0.36792055349407915,0.0,0.0,0.05855610025741262,True,False,False,False,True,False,False,False,True,1
741,0.4470972606182458,0.125,0.0,0.15390495017656614,True,False,False,False,True,False,False,False,True,0
742,0.2586076903744659,0.25,0.3333333333333333,0.5121218935012878,True,False,False,True,False,True,False,False,False,1
743,0.2963056044232219,0.125,0.0,0.031425107138144774,False,False,True,False,True,False,False,False,True,0
744,0.38426740387031916,0.0,0.0,0.015468569817999833,False,False,True,False,True,False,False,False,True,1
745,0.8743402865041467,0.125,0.16666666666666666,0.13858277060920987,True,False,False,False,True,False,False,False,True,0
746,0.19577783362653933,0.125,0.16666666666666666,0.03952536767375352,False,False,True,False,True,False,False,False,True,0
747,0.37170143252073384,0.0,0.0,0.025374310111545468,False,True,False,True,False,False,False,False,True,1
748,0.2334757476752953,0.125,0.0,0.10364429745562033,True,False,False,False,True,False,False,False,True,0
749,0.38426740387031916,0.0,0.0,0.015126992566498259,False,False,True,False,True,False,False,True,False,0
750,0.04498617743151546,0.125,0.16666666666666666,0.044893010197349675,False,True,False,True,False,False,False,False,True,1
751,0.0701181201306861,0.0,0.16666666666666666,0.024349578357040744,False,False,True,False,True,False,False,False,True,1
752,0.4093993465694898,0.0,0.0,0.018542765081513996,False,False,True,False,True,False,False,False,True,0
753,0.2837396330736366,0.0,0.0,0.015411575213749286,False,False,True,False,True,False,False,False,True,0
754,0.5978889168132697,0.125,0.3333333333333333,0.12687155055772734,False,True,False,True,False,False,False,False,True,1
755,0.003141492837396331,0.125,0.16666666666666666,0.028302115124416098,False,True,False,False,True,False,False,False,True,1
756,0.34656948982156316,0.0,0.0,0.015216388212891242,False,False,True,False,True,False,False,False,True,0
757,0.22090977632571,0.0,0.0,0.022446505098674838,False,True,False,False,True,False,False,False,True,0
758,0.4219653179190751,0.0,0.0,0.015712553569072387,False,False,True,False,True,False,False,False,True,0
759,0.4093993465694898,0.0,0.0,0.16883675574220638,True,False,False,True,False,False,False,False,True,1
760,0.36792055349407915,0.0,0.0,0.028302115124416098,False,False,True,False,True,False,False,False,True,0
761,0.5099271173661725,0.0,0.0,0.013907073811135496,False,False,True,False,True,False,False,False,True,0
762,0.24604171902488062,0.0,0.0,0.014110458666029575,False,False,True,False,True,True,False,False,False,1
763,0.4470972606182458,0.125,0.3333333333333333,0.23422440102965048,True,False,False,True,False,False,False,False,True,1
764,0.19577783362653933,0.0,0.0,0.015175789316712771,False,False,True,False,True,False,False,False,True,0
765,0.6355868308620256,0.125,0.0,0.15216446768991498,True,False,False,True,False,False,False,False,True,1
766,0.36792055349407915,0.0,0.0,0.07729405233978466,True,False,False,False,True,True,False,False,False,0
767,0.3779844181955265,0.0,0.0,0.015126992566498259,False,False,True,True,False,False,False,True,False,0
768,0.36792055349407915,0.125,0.0,0.04713766070721715,False,False,True,False,True,False,False,True,False,0
769,0.39683337521990447,0.0,0.0,0.016322512946753766,False,False,True,False,True,False,False,False,True,0
770,0.2963056044232219,0.0,0.0,0.018542765081513996,False,False,True,False,True,False,False,False,True,0
771,0.5978889168132697,0.0,0.0,0.015330377421392339,False,False,True,False,True,False,False,False,True,0
772,0.7109826589595376,0.0,0.0,0.020494635090094415,False,True,False,True,False,False,False,False,True,0
773,0.36792055349407915,0.0,0.0,0.014102260811993537,False,False,True,False,True,True,False,False,False,0
774,0.6732847449107816,0.125,0.5,0.044893010197349675,False,True,False,True,False,False,False,False,True,1
775,0.22090977632571,0.0,0.0,0.015126992566498259,False,False,True,False,True,False,False,False,True,0
776,0.36792055349407915,0.0,0.0,0.015126992566498259,False,False,True,False,True,False,False,True,False,0
777,0.05755214878110078,0.0,0.0,0.024349578357040744,False,False,True,True,False,False,False,False,True,1
778,0.36792055349407915,0.0,0.0,0.015102594191391004,False,False,True,False,True,False,False,True,False,0
779,0.5350590600653431,0.0,0.16666666666666666,0.41250332793836464,True,False,False,True,False,False,False,False,True,1
780,0.15807991957778336,0.0,0.0,0.014110458666029575,False,False,True,True,False,True,False,False,False,1
781,0.20834380497612465,0.125,0.0,0.11125659048908397,True,False,False,True,False,False,False,False,True,1
782,0.35913546117114853,0.0,0.0,0.05855610025741262,True,False,False,False,True,False,False,False,True,0
783,0.36792055349407915,0.125,0.3333333333333333,0.04577135170121086,False,False,True,False,True,False,False,False,True,0
784,0.3088715757728072,0.0,0.0,0.013760683560491965,False,False,True,False,True,False,False,False,True,0
785,0.3088715757728072,0.0,0.0,0.014151057562208049,False,False,True,False,True,False,False,False,True,0
786,0.22090977632571,0.0,0.0,0.014630827210317117,False,False,True,True,False,False,False,False,True,1
787,0.09525006282985675,0.5,0.16666666666666666,0.05684821399990475,False,False,True,False,True,False,False,True,False,0
788,0.007288263382759488,0.125,0.3333333333333333,0.04015972542654215,False,False,True,False,True,False,False,False,True,1
789,0.5727569741140991,0.0,0.0,0.15458810467956932,True,False,False,False,True,True,False,False,False,0
790,0.36792055349407915,0.0,0.0,0.015126992566498259,False,False,True,False,True,False,False,True,False,0
791,0.19577783362653933,0.0,0.0,0.050748620223090936,False,True,False,False,True,False,False,False,True,0
792,0.36792055349407915,1.0,0.3333333333333333,0.13575255909676825,False,False,True,True,False,False,False,False,True,0
793,0.36792055349407915,0.0,0.0,0.05991421140938287,True,False,False,False,True,True,False,False,False,0
794,0.3088715757728072,0.0,0.0,0.015411575213749286,False,False,True,False,True,False,False,False,True,0
795,0.4847951746670017,0.0,0.0,0.025374310111545468,False,True,False,False,True,False,False,False,True,0
796,0.610454888162855,0.0,0.0,0.050610427826483444,True,False,False,True,False,False,False,False,True,1
797,0.38426740387031916,0.0,0.0,0.016948672845506364,False,False,True,True,False,False,False,False,True,1
798,0.37170143252073384,0.0,0.0,0.014110458666029575,False,False,True,False,True,True,False,False,False,0
799,0.37170143252073384,0.125,0.16666666666666666,0.04713766070721715,False,False,True,True,False,False,False,False,True,0
800,0.4219653179190751,0.0,0.0,0.025374310111545468,False,True,False,False,True,False,False,False,True,0
801,0.38426740387031916,0.125,0.16666666666666666,0.05123658772523604,False,True,False,True,False,False,False,False,True,1
802,0.1329479768786127,0.125,0.3333333333333333,0.23422440102965048,True,False,False,False,True,False,False,False,True,1
803,0.0,0.0,0.16666666666666666,0.016623491302076868,False,False,True,False,True,True,False,False,False,1
804,0.33400351847197784,0.0,0.0,0.013614293309848433,False,False,True,False,True,False,False,False,True,1
805,0.38426740387031916,0.0,0.0,0.015175789316712771,False,False,True,False,True,False,False,False,True,0
806,0.4847951746670017,0.0,0.0,0.0,True,False,False,False,True,False,False,False,True,0
807,0.22090977632571,0.0,0.0,0.015175789316712771,False,False,True,True,False,False,False,False,True,0
808,0.4847951746670017,0.0,0.0,0.025374310111545468,False,True,False,False,True,False,False,False,True,0
809,0.4093993465694898,0.125,0.0,0.10364429745562033,True,False,False,True,False,False,False,False,True,1
810,0.32143754712239253,0.0,0.0,0.015395374692678068,False,False,True,False,True,False,False,False,True,0
811,0.4847951746670017,0.0,0.0,0.04713766070721715,False,False,True,False,True,False,False,False,True,0
812,0.4345312892686604,0.0,0.0,0.020494635090094415,False,True,False,False,True,False,False,False,True,0
813,0.0701181201306861,0.5,0.3333333333333333,0.06104473451835265,False,False,True,True,False,False,False,False,True,0
814,0.3779844181955265,0.0,0.0,0.015712553569072387,False,False,True,False,True,False,False,False,True,0
815,0.36792055349407915,0.0,0.0,0.0,True,False,False,False,True,False,False,False,True,0
816,0.2837396330736366,0.0,0.0,0.015468569817999833,False,False,True,True,False,False,False,False,True,0
817,0.38426740387031916,0.125,0.16666666666666666,0.07222738817151159,False,True,False,False,True,True,False,False,False,0
818,0.5350590600653431,0.0,0.0,0.012589561555343713,False,False,True,False,True,False,False,False,True,0
819,0.12038200552902739,0.375,0.3333333333333333,0.05445717323939373,False,False,True,False,True,False,False,False,True,0
820,0.648152802211611,0.125,0.16666666666666666,0.18249984580226933,True,False,False,True,False,False,False,False,True,1
821,0.33400351847197784,0.0,0.0,0.016908073949327893,False,False,True,False,True,False,False,False,True,1
822,0.4722292033174164,0.0,0.0,0.0,True,False,False,False,True,False,False,False,True,0
823,0.33400351847197784,0.0,0.16666666666666666,0.024349578357040744,False,False,True,True,False,False,False,False,True,1
824,0.01985423473234481,0.5,0.16666666666666666,0.07746484096553544,False,False,True,False,True,False,False,False,True,0
825,0.36792055349407915,0.0,0.0,0.013565496559633922,False,False,True,False,True,False,False,True,False,0
826,0.36792055349407915,0.0,0.0,0.11027245763075773,False,False,True,False,True,False,False,False,True,0
827,0.007288263382759488,0.0,0.3333333333333333,0.07222738817151159,False,True,False,False,True,True,False,False,False,1
828,0.36792055349407915,0.0,0.0,0.015126992566498259,False,False,True,False,True,False,False,True,False,1
829,0.7738125157074642,0.0,0.0,0.15614960068643363,True,False,False,True,False,False,True,False,False,1
830,0.18321186227695402,0.125,0.0,0.028212719478023115,False,False,True,True,False,True,False,False,False,1
831,0.005152048253329982,0.125,0.16666666666666666,0.03659756266088288,False,True,False,False,True,False,False,False,True,1
832,0.36792055349407915,0.0,0.0,0.014110458666029575,False,False,True,False,True,True,False,False,False,0
833,0.2837396330736366,0.0,0.0,0.015330377421392339,False,False,True,False,True,False,False,False,True,0
834,0.22090977632571,0.0,0.0,0.016200521071217493,False,False,True,False,True,False,False,False,True,0
835,0.4847951746670017,0.125,0.16666666666666666,0.16231419173453318,True,False,False,True,False,True,False,False,False,1
836,0.2586076903744659,0.0,0.0,0.016908073949327893,False,False,True,False,True,False,False,False,True,0
837,0.36792055349407915,0.0,0.0,0.015712553569072387,False,False,True,False,True,False,False,False,True,0
838,0.39683337521990447,0.0,0.0,0.11027245763075773,False,False,True,False,True,False,False,False,True,1
839,0.36792055349407915,0.0,0.0,0.057970539254838485,True,False,False,False,True,True,False,False,False,1
840,0.24604171902488062,0.0,0.0,0.015468569817999833,False,False,True,False,True,False,False,False,True,0
841,0.19577783362653933,0.0,0.0,0.020494635090094415,False,True,False,False,True,False,False,False,True,0
842,0.37170143252073384,0.0,0.0,0.060507970265993034,True,False,False,True,False,True,False,False,False,1
843,0.4282483035938678,0.0,0.0,0.012565163180236457,False,False,True,False,True,True,False,False,False,0
844,0.20834380497612465,0.0,0.0,0.016908073949327893,False,False,True,False,True,False,False,False,True,0
845,0.5224930887157577,0.0,0.0,0.014736618564782174,False,False,True,False,True,False,False,False,True,0
846,0.36792055349407915,1.0,0.3333333333333333,0.13575255909676825,False,False,True,False,True,False,False,False,True,0
847,0.4345312892686604,0.0,0.0,0.015411575213749286,False,False,True,False,True,True,False,False,False,0
848,0.34656948982156316,0.0,0.16666666666666666,0.06441171028315387,False,True,False,False,True,False,False,False,True,0
849,0.36792055349407915,0.125,0.0,0.17391981561855152,True,False,False,True,False,True,False,False,False,1
850,0.04498617743151546,0.5,0.3333333333333333,0.06104473451835265,False,False,True,False,True,False,False,False,True,0
851,0.9246041719024881,0.0,0.0,0.015175789316712771,False,False,True,False,True,False,False,False,True,0
852,0.10781603417944208,0.125,0.16666666666666666,0.029757819776815374,False,False,True,True,False,True,False,False,False,0
853,0.19577783362653933,0.0,0.16666666666666666,0.07690367833806856,True,False,False,True,False,False,False,False,True,1
854,0.5476250314149284,0.125,0.0,0.050748620223090936,False,True,False,True,False,False,False,False,True,0
855,0.22090977632571,0.0,0.16666666666666666,0.018249984580226933,False,False,True,True,False,False,False,False,True,1
856,0.5601910027645137,0.125,0.16666666666666666,0.32179836714362564,True,False,False,True,False,False,False,False,True,1
857,0.6355868308620256,0.0,0.0,0.051822148727810165,True,False,False,False,True,False,False,False,True,1
858,0.2963056044232219,0.0,0.5,0.03758969818624431,False,False,True,True,False,True,False,False,False,1
859,0.36792055349407915,0.0,0.0,0.014110458666029575,False,False,True,False,True,True,False,False,False,0
860,0.5099271173661725,0.25,0.0,0.027537567642055148,False,False,True,False,True,False,False,False,True,0
861,0.2586076903744659,0.125,0.0,0.022446505098674838,False,True,False,False,True,False,False,False,True,0
862,0.5978889168132697,0.0,0.0,0.050610427826483444,True,False,False,True,False,False,False,False,True,1
863,0.36792055349407915,1.0,0.3333333333333333,0.13575255909676825,False,False,True,True,False,False,False,False,True,0
864,0.2963056044232219,0.0,0.0,0.025374310111545468,False,True,False,False,True,False,False,False,True,0
865,0.5224930887157577,0.0,0.0,0.025374310111545468,False,True,False,True,False,False,False,False,True,1
866,0.33400351847197784,0.125,0.0,0.027049600139910042,False,True,False,True,False,True,False,False,False,1
867,0.38426740387031916,0.0,0.0,0.09856123757927521,True,False,False,False,True,False,False,False,True,0
868,0.36792055349407915,0.0,0.0,0.018542765081513996,False,False,True,False,True,False,False,False,True,0
869,0.04498617743151546,0.125,0.16666666666666666,0.021730754366528396,False,False,True,False,True,False,False,False,True,1
870,0.32143754712239253,0.0,0.0,0.015411575213749286,False,False,True,False,True,False,False,False,True,0
871,0.5853229454636844,0.125,0.16666666666666666,0.10257896680493714,True,False,False,True,False,False,False,False,True,1
872,0.4093993465694898,0.0,0.0,0.009759350042902102,True,False,False,False,True,False,False,False,True,0
873,0.5853229454636844,0.0,0.0,0.017566830077223785,False,False,True,False,True,False,False,False,True,0
874,0.34656948982156316,0.125,0.0,0.04684488020593009,False,True,False,True,False,True,False,False,False,1
875,0.18321186227695402,0.0,0.0,0.014102260811993537,False,False,True,True,False,True,False,False,False,1
876,0.24604171902488062,0.0,0.0,0.019217721730481106,False,False,True,False,True,False,False,False,True,0
877,0.2334757476752953,0.0,0.0,0.015411575213749286,False,False,True,False,True,False,False,False,True,0
878,0.36792055349407915,0.0,0.0,0.015411575213749286,False,False,True,False,True,False,False,False,True,0
879,0.6984166876099522,0.0,0.16666666666666666,0.16231419173453318,True,False,False,True,False,True,False,False,False,1
880,0.3088715757728072,0.0,0.16666666666666666,0.050748620223090936,False,True,False,True,False,False,False,False,True,1
881,0.4093993465694898,0.0,0.0,0.015411575213749286,False,False,True,False,True,False,False,False,True,0
882,0.2711736617240512,0.0,0.0,0.02052723131923771,False,False,True,True,False,False,False,False,True,0
883,0.34656948982156316,0.0,0.0,0.020494635090094415,False,True,False,False,True,False,False,False,True,0
884,0.3088715757728072,0.0,0.0,0.013760683560491965,False,False,True,False,True,False,False,False,True,0
885,0.4847951746670017,0.0,0.8333333333333333,0.05684821399990475,False,False,True,True,False,False,False,True,False,0
886,0.33400351847197784,0.0,0.0,0.025374310111545468,False,True,False,False,True,False,False,False,True,0
887,0.2334757476752953,0.0,0.0,0.05855610025741262,True,False,False,True,False,False,False,False,True,1
888,0.36792055349407915,0.125,0.3333333333333333,0.04577135170121086,False,False,True,True,False,False,False,False,True,0
889,0.32143754712239253,0.0,0.0,0.05855610025741262,True,False,False,False,True,True,False,False,False,1
890,0.39683337521990447,0.0,0.0,0.015126992566498259,False,False,True,False,True,False,False,True,False,0
